Donor,molecule,interacting halogen,ortho,meta,para,V$_{S}$$_{max}$,V$_{max}$(r),R$^{donor}_{C-X}$,k$^{a}$$^{donor}$$_{C-X}$,$\mu^{donor}_{C-X}$,R$^{donor}_{C\equiv C}$,k$^{a}$$^{donor}$$_{C\equiv C}$,$\mu^{donor}_{C\equiv C}$,Complex Symmetry,R$^{complex}_{C-X}$,$\Delta$R$_{C-X}$,k$^{a}$$^{complex}$$_{C-X}$,$\Delta$k$^{a}_{C-X}$,$\mu^{complex}_{C-X}$,R$^{complex}_{C\equiv C}$,$\Delta$R$_{C\equiv C}$,k$^{a}$$^{complex}$$_{C\equiv C}$,$\Delta$k$^{a}_{C\equiv C}$,$\mu^{complex}_{C\equiv C}$,R$_{X\cdots N}$,k$^{a}_{X\cdots N}$,$\mu_{X\cdots N}$,$\rho^{BCP}$,G(r)$^{BCP}$,K(r)$^{BCP}$,V(r)$^{BCP}$,$\nabla^{2} \rho^{BCP}$,H(r)$^{BCP}$,RDG,sign$\lambda_{2}* \rho$,E$_{int}$,E$_{bind}$,E$^{CP}_{int}$,E$^{CP}_{bind}$,E$^{donor}_{def}$,E$^{NH_3}_{def}$,E(2),$\Delta \rho$
2-3-4-5-6-BH2BABr,c1(B)c(B)c(B)c(B)c(B)c1(C#C(Br)),Br,BH2,BH2,BH2,31.2,1.99506018,1.7949,4.571,-7.925,1.2123,17.03,6.181,C1,1.8059,0.011,4.214,-0.357,-6.995,1.2139,0.0016,16.865,-0.165,7.322,2.9134,0.187,-11.522,0.0172,0.0125,-0.00143,-0.0111,0.0558,0.00143,2.32E-06,-0.0172,-5.64,-5.586065033,-5.17,-5.116883454,0.052005477,0.001111068,0.23,-0.02392
2-3-4-5-6-ClBABr,c1(Cl)c(Cl)c(Cl)c(Cl)c(Cl)c1(C#C(Br)),Br,Cl,Cl,Cl,33.1,1.992262409,1.7939,4.554,-7.079,1.2106,17.208,4.729,C1,1.8057,0.0118,4.153,-0.401,-5.796,1.2122,0.0016,17.053,-0.155,5.572,2.904,0.173,-11.488,0.017487588,0.012754807,-0.001430123,-0.011324684,0.056739723,0.001430123,8.30E-07,-0.017487588,-5.9,-5.846131765,-5.43,-5.377050435,0.052704523,0.000245042,83.98,-0.0253
2-3-4-5-6-CNBABr,c1(C#N)c(C#N)c(C#N)c(C#N)c(C#N)c1(C#C(Br)),Br,CN,CN,CN,45.6,1.9794847,1.7857,4.625,-12.575,1.2118,17.048,9.709,C1,1.7999,0.0142,4.094,-0.531,-11.354,1.2141,0.0023,16.816,-0.232,11.024,2.8418,0.206,-11.988,0.019855499,0.014427895,-0.001409263,-0.013018632,0.063348633,0.001409263,2.68E-06,-0.019855499,-7.75,-7.670722313,-7.24,-7.158888561,0.081438183,-0.000326744,NAN,-0.03286
2-3-4-5-6-FBABr,c1(F)c(F)c(F)c(F)c(F)c1(C#C(Br)),Br,F,F,F,33.9,1.99052372,1.7943,4.552,-6.225,1.2104,17.264,3.735,C1,1.8066,0.0123,4.14,-0.412,-4.827,1.212,0.0016,17.111,-0.153,4.425,2.9005,0.173,-11.197,0.017604754,0.012841012,-0.001431833,-0.011409179,0.057091379,0.001431833,2.96E-06,-0.017604754,-5.99,-5.933173608,-5.52,-5.463280232,0.05649468,0.000225088,6.63,-0.02584
2-3-4-5-6-NH2BABr,c1(N)c(N)c(N)c(N)c(N)c1(C#C(Br)),Br,NH2,NH2,NH2,26.2,2.000209297,1.802,4.472,-0.978,1.2154,16.749,-1.587,C1,1.8129,0.0109,4.139,-0.333,0.395,1.2164,0.001,16.669,-0.08,-1.008,2.9383,0.167,-11.432,0.0163,0.0119,-0.00142,-0.0105,0.0533,0.00142,2.84E-06,-0.0163,-4.94,-4.892731481,-4.5,-4.449432272,0.049554425,0.001013302,5.9,-0.02211
2-3-4-5-6-OHBABr,c1(O)c(O)c(O)c(O)c(O)c1(C#C(Br)),Br,OH,OH,OH,34.7,1.991804354,1.7993,4.498,-2.258,1.216,16.712,-0.724,C1,1.8116,0.0123,4.096,-0.402,-0.668,1.2172,0.0012,16.611,-0.101,-0.18,2.9036,0.172,-11.52,0.0175,0.0128,-0.00143,-0.0113,0.0567,0.00143,2.11E-06,-0.0175,-5.95,-5.890785341,-5.49,-5.42714595,0.06277605,7.80E-05,6.64,-0.02584
2-3-4-5-6-SHBABr,c1(S)c(S)c(S)c(S)c(S)c1(C#C(Br)),Br,SH,SH,SH,35,1.99165744,1.798,4.51,-4.299,1.2145,16.826,1.642,C1,1.8104,0.0124,4.1,-0.41,-2.696,1.2158,0.0013,16.705,-0.121,2.291,2.8977,0.173,-11.951,0.0177,0.0129,-0.00143,-0.0115,0.0574,0.00143,1.23E-06,-0.0177,-6.09,-6.034139886,-5.62,-5.560490262,0.059506726,3.01E-06,344.97,-0.02608
2-3-5-6-BH2BABr,c1(B)c(B)cc(B)c(B)c1(C#C(Br)),Br,BH2,BH2,H,30.9,1.994210812,1.7978,4.508,-4.654,1.2137,16.945,2.279,C1,1.8094,0.0116,4.13,-0.378,-3.268,1.2152,0.0015,16.807,-0.138,2.906,2.9135,0.171,-11.391,0.0172,0.0125,-0.00143,-0.0111,0.0558,0.00143,5.49E-07,-0.0172,-5.62,-5.55946911,-5.15,-5.092269314,0.057243927,0.000486759,6.38,-0.02461
2-3-5-6-ClBABr,c1(Cl)c(Cl)cc(Cl)c(Cl)c1(C#C(Br)),Br,Cl,Cl,H,32.4,1.992051763,1.794,4.552,-6.929,1.2106,17.213,4.709,C1,1.8058,0.0118,4.156,-0.396,-5.644,1.2122,0.0016,17.057,-0.156,5.492,2.9065,0.172,-11.355,0.017398425,0.012691414,-0.001430304,-0.01126111,0.056486872,0.001430304,5.97E-07,-0.017398425,-5.82,-5.767806029,-5.35,-5.297554262,0.052108389,0.000337349,6.5,-0.02516
2-3-5-6-CN-4-CF3BABr,c1(C#N)c(C#N)c(C(F)(F)F)c(C#N)c(C#N)c1(C#C(Br)),Br,CN,CN,CF3,43.8,1.980874108,1.7863,4.619,-11.713,1.2114,17.09,8.994,C1,1.8003,0.014,4.1,-0.519,-10.429,1.2137,0.0023,16.864,-0.226,10.17,2.847,0.202,-11.836,0.019639096,0.014281346,-0.001415141,-0.012866205,0.062785951,0.001415141,4.19E-07,-0.019639096,-7.56,-7.480009626,-7.05,-6.969572547,0.080697722,-0.000270268,38.31,-0.0323
2-3-5-6-CN-4-NO2BABr,c1(C#N)c(C#N)c(N(=O)=O)c(C#N)c(C#N)c1(C#C(Br)),Br,CN,CN,NO2,45.7,1.979290475,1.7856,4.626,-12.347,1.2117,17.064,9.536,C1,1.7999,0.0143,4.092,-0.534,-11.123,1.214,0.0023,16.829,-0.235,10.828,2.8411,0.207,-11.935,0.019884889,0.014449552,-0.00140909,-0.013040462,0.063434566,0.00140909,1.07E-06,-0.019884889,-7.77,-7.689867628,-7.26,-7.175885175,0.084425128,-0.000310303,74.75,-0.03311
2-3-5-6-CNBABr,c1(C#N)c(C#N)cc(C#N)c(C#N)c1(C#C(Br)),Br,CN,CN,H,41.4,1.98205392,1.7877,4.609,-10.571,1.2113,17.123,7.963,C1,1.8014,0.0137,4.109,-0.5,-9.236,1.2133,0.002,16.913,-0.21,9.002,2.8565,0.194,-11.691,0.019255437,0.014017041,-0.001423191,-0.01259385,0.061760928,0.001423191,2.12E-07,-0.019255437,-7.24,-7.162803573,-6.74,-6.666096951,0.074096322,-0.000193273,7.64,-0.03104
2-3-5-6-F-4-CF3BABr,c1(F)c(F)c(C(F)(F)F)c(F)c(F)c1(C#C(Br)),Br,F,F,CF3,36.5,1.988617611,1.7928,4.563,-7.704,1.2105,17.252,5.205,C1,1.8054,0.0126,4.13,-0.433,-6.36,1.2122,0.0017,17.082,-0.17,6.047,2.8894,0.176,-11.337,0.018008403,0.013126412,-0.001431062,-0.01169535,0.058229893,0.001431062,9.93E-07,-0.018008403,-6.33,-6.265182609,-5.85,-5.788343866,0.061646533,9.60E-06,6.87,-0.02711
2-3-5-6-F-4-NO2BABr,c1(F)c(F)c(N(=O)=O)c(F)c(F)c1(C#C(Br)),Br,F,F,NO2,38.4,1.987334012,1.7921,4.57,-8.359,1.2106,17.239,5.774,C1,1.8049,0.0128,4.122,-0.448,-7.066,1.2123,0.0017,17.061,-0.178,6.731,2.8823,0.179,-11.437,0.01827113,0.013311645,-0.00142978,-0.011881864,0.058965701,0.00142978,2.79E-06,-0.01827113,-6.55,-6.484948986,-6.07,-6.005030929,0.065097836,-0.000128765,7.04,-0.02795
2-3-5-6-FBABr,c1(F)c(F)cc(F)c(F)c1(C#C(Br)),Br,F,F,H,32.8,1.991099578,1.7944,4.551,-6.431,1.2104,17.262,4.049,C1,1.8064,0.012,4.147,-0.404,-5.083,1.212,0.0016,17.108,-0.154,4.761,2.9038,0.173,-11.156,0.01748667,0.012756209,-0.001431687,-0.011324522,0.056751584,0.001431687,3.31E-06,-0.01748667,-5.88,-5.827237454,-5.41,-5.355264041,0.054392524,0.000343436,6.55,-0.02545
2-3-5-6-NH2BABr,c1(N)c(N)cc(N)c(N)c1(C#C(Br)),Br,NH2,NH2,H,27,1.998794454,1.8012,4.479,-2.21,1.2147,16.837,-0.185,C1,1.8122,0.011,4.137,-0.342,-0.807,1.2158,0.0011,16.742,-0.095,0.362,2.9336,0.168,-11.304,0.0165,0.012,-0.00142,-0.0106,0.0538,0.00142,8.33E-07,-0.0165,-5.07,-5.014193475,-4.62,-4.567812733,0.051249328,0.000937938,5.99,-0.02257
2-3-5-6-OHBABr,c1(O)c(O)cc(O)c(O)c1(C#C(Br)),Br,OH,OH,H,36.2,1.990939816,1.7985,4.505,-3.427,1.2153,16.807,0.646,C1,1.8112,0.0127,4.088,-0.417,-1.788,1.2166,0.0013,16.689,-0.118,1.16,2.8967,0.173,-11.462,0.0177,0.0129,-0.00143,-0.0115,0.0575,0.00143,1.18E-06,-0.0177,-6.16,-6.093414434,-5.69,-5.626029046,0.064018519,-4.76E-05,6.79,-0.02664
2-3-5-6-SHBABr,c1(S)c(S)cc(S)c(S)c1(C#C(Br)),Br,SH,SH,H,35.4,1.991025364,1.7977,4.513,-4.804,1.2142,16.869,2.371,C1,1.8102,0.0125,4.099,-0.414,-3.179,1.2156,0.0014,16.74,-0.129,2.939,2.8961,0.174,-11.762,0.0178,0.013,-0.00143,-0.0115,0.0575,0.00143,1.83E-06,-0.0178,-6.14,-6.025204151,-5.66,-5.542375729,0.117620381,3.89E-06,6.81,-0.02667
2-4-6_BH2_3-5_CNBABr,c1(B)c(C#N)c(B)c(C#N)c(B)c1(C#C(Br)),Br,BH2,CN,BH2,38,1.989531064,1.7925,4.561,-9.426,1.2117,17.064,7.501,C1,1.8059,0.0134,4.095,-0.466,-7.518,1.216,0.0043,16.554,-0.51,7.371,2.8765,0.181,-11.803,0.0185,0.0135,-0.00142,-0.012,0.0595,0.00142,3.55E-06,-0.0185,-6.74,-5.868093907,-6.25,-5.381987569,0.869965366,-0.001952935,,-0.02843
2-4-6_BH2_3-5_FBABr,c1(B)c(F)c(B)c(F)c(B)c1(C#C(Br)),Br,BH2,F,BH2,33.3,1.992418755,1.7936,4.55,-8.416,1.2115,17.09,6.694,C1,1.805,0.0114,4.161,-0.389,-7.421,1.2133,0.0018,16.914,-0.176,7.79,2.9065,0.173,-11.38,0.0174,0.0127,-0.00143,-0.0113,0.0565,0.00143,5.97E-07,-0.0174,-5.89,-5.837481546,-5.42,-5.364363313,0.055478115,0.000158572,6.48,-0.02522
2-4-6_BH2_3-5_NO2BABr,c1(B)c(N(=O)=O)c(B)c(N(=O)=O)c(B)c1(C#C(Br)),Br,BH2,NO2,BH2,31.7,1.992636335,1.7953,4.536,-6.771,1.2112,17.167,4.577,C1,1.8075,0.0122,4.126,-0.41,-5.244,1.2134,0.0022,16.942,-0.225,5.032,2.9,0.173,-11.542,0.0176,0.0129,-0.00143,-0.0114,0.0571,0.00143,1.11E-06,-0.0176,-6.01,-4.344319554,-5.55,-3.879422937,1.670499315,7.77E-05,6.65,-0.02605
2-4-6_NH2_3-5_CNBABr,c1(N)c(C#N)c(N)c(C#N)c(N)c1(C#C(Br)),Br,NH2,CN,NH2,33.6,1.994618139,1.8005,4.488,-1.784,1.2156,16.719,-1.162,C1,1.8125,0.012,4.105,-0.383,-0.199,1.2167,0.0011,16.629,-0.09,-0.626,2.9128,0.171,-11.644,0.0172,0.0125,-0.00142,-0.0111,0.0558,0.00142,1.80E-06,-0.0172,-5.74,-5.680588484,-5.27,-5.214085076,0.055835795,7.91E-05,6.45,-0.02492
2-4-6_NH2_3-5_FBABr,c1(N)c(F)c(N)c(F)c(N)c1(C#C(Br)),Br,NH2,F,NH2,27.8,1.998717141,1.8011,4.482,-1.393,1.2154,16.736,-1.327,C1,1.8122,0.0111,4.136,-0.346,-0.06,1.2164,0.001,16.655,-0.081,-0.75,2.9321,0.168,-11.369,0.0165,0.0121,-0.00142,-0.0106,0.0539,0.00142,1.61E-06,-0.0165,-5.13,-5.071678365,-4.68,-4.624273705,0.054963557,0.000762738,6.02,-0.02272
2-4-6_NH2_3-5_NO2BABr,c1(N)c(N(=O)=O)c(N)c(N(=O)=O)c(N)c1(C#C(Br)),Br,NH2,NO2,NH2,35.7,1.992405358,1.8002,4.491,-2.169,1.2159,16.694,-0.84,C1,1.8126,0.0124,4.088,-0.403,-0.488,1.217,0.0011,16.603,-0.091,-0.325,2.9022,0.172,-11.762,0.0176,0.0128,-0.00143,-0.0114,0.0569,0.00143,3.49E-07,-0.0176,-6.03,-5.96602373,-5.55,-5.488155425,0.061903812,-5.92E-05,,-0.02481
2-4-6_OH_3-5_CNBABr,c1(O)c(C#N)c(O)c(C#N)c(O)c1(C#C(Br)),Br,OH,CN,OH,43.1,1.98514034,1.7962,4.525,-4.487,1.2154,16.784,1.218,C1,1.8104,0.0142,4.042,-0.483,-2.623,1.2168,0.0014,16.654,-0.13,1.787,2.8667,0.185,-11.918,0.0189,0.0137,-0.00142,-0.0123,0.0606,0.00142,3.25E-06,-0.0189,-7.06,-6.977688271,-6.57,-6.491317149,0.078997171,-0.00031432,7.52,-0.03032
2-4-6_OH_3-5_FBABr,c1(O)c(F)c(O)c(F)c(O)c1(C#C(Br)),Br,OH,F,OH,36.8,1.989893456,1.798,4.511,-3.204,1.2157,16.754,0.186,C1,1.8109,0.0129,4.083,-0.428,-1.534,1.217,0.0013,16.64,-0.114,0.716,2.8914,0.175,-11.55,0.0179,0.0131,-0.00143,-0.0116,0.058,0.00143,1.74E-06,-0.0179,-6.29,-6.224174863,-5.82,-5.752690319,0.067375695,-6.60E-05,6.91,-0.02721
2-4-6_SH_3-5_CNBABr,c1(S)c(C#N)c(S)c(C#N)c(S)c1(C#C(Br)),Br,SH,CN,SH,41.2,1.986654847,1.7962,4.526,-5.621,1.2142,16.859,2.774,C1,1.8097,0.0135,4.064,-0.462,-3.881,1.2157,0.0015,16.718,-0.141,3.453,2.874,0.182,-12.11,0.0186,0.0135,-0.00142,-0.0121,0.0598,0.00142,1.59E-06,-0.0186,-6.83,-6.763180423,-6.35,-6.280212974,0.070105362,-0.000318336,7.35,-0.02941
2-4-6_SH_3-5_FBABr,c1(S)c(F)c(S)c(F)c(S)c1(C#C(Br)),Br,SH,F,SH,35.9,1.990829635,1.7973,4.517,-4.733,1.2142,16.873,2.044,C1,1.8099,0.0126,4.098,-0.419,-3.16,1.2156,0.0014,16.744,-0.129,2.707,2.8937,0.174,-11.775,0.0179,0.013,-0.00143,-0.0116,0.0578,0.00143,2.06E-06,-0.0179,-6.21,-6.149407106,-5.74,-5.679643061,0.060378964,-2.20E-05,6.86,-0.02693
2-4-6-BH2BABr,c1(B)cc(B)cc(B)c1(C#C(Br)),Br,BH2,H,BH2,30.3,1.995736531,1.7952,4.534,-7.433,1.212,17.058,5.77,C1,1.8061,0.0109,4.17,-0.364,-6.472,1.2136,0.0016,16.896,-0.162,6.835,2.9189,0.171,-11.327,0.017,0.0124,-0.00143,-0.011,0.0552,0.00143,1.58E-06,-0.017,-5.52,-5.47145149,-5.05,-5.000003306,0.049527442,0.000469252,6.22,-0.02389
2-4-6-ClBABr,c1(Cl)cc(Cl)cc(Cl)c1(C#C(Br)),Br,Cl,H,Cl,30.7,1.994030316,1.795,4.543,-6.174,1.2107,17.199,3.883,C1,1.8065,0.0115,4.162,-0.381,-4.901,1.2122,0.0015,17.054,-0.145,4.643,2.9139,0.171,-11.308,0.017137737,0.012506113,-0.001428805,-0.011077308,0.055739669,0.001428805,1.19E-06,-0.017137737,-5.6,-5.549257021,-5.14,-5.0899767,0.049504224,0.000519076,6.34,-0.02436
2-4-6-CN-3-5-CF3BABr,c1(C#N)c(C(F)(F)F)c(C#N)c(C(F)(F)F)c(C#N)c1(C#C(Br)),Br,CN,CF3,CN,42.4,1.981450254,1.7863,4.62,-11.857,1.2115,17.078,9.152,C1,1.8,0.0137,4.113,-0.507,-10.66,1.2137,0.0022,16.855,-0.223,10.384,2.852,0.198,-11.817,0.019436855,0.014143059,-0.001419863,-0.012723196,0.062251689,0.001419863,5.23E-07,-0.019436855,-7.38,-7.30423794,-6.87,-6.79245338,0.077610375,-6.38E-05,3,-0.03152
2-4-6-CN-3-5-NO2BABr,c1(C#N)c(N(=O)=O)c(C#N)c(N(=O)=O)c(C#N)c1(C#C(Br)),Br,CN,NO2,CN,46.1,1.979285819,1.7848,4.634,-12.994,1.2121,17.028,10.127,C1,1.799,0.0142,4.096,-0.538,-11.796,1.2144,0.0023,16.788,-0.24,11.479,2.8383,0.209,-11.987,0.020002413,0.014530056,-0.001406576,-0.01312348,0.063746529,0.001406576,1.42E-06,-0.020002413,-7.87,-7.780975732,-7.35,-7.262122064,0.088240386,-0.000362449,10.52,-0.03318
2-4-6-CNBABr,c1(C#N)cc(C#N)cc(C#N)c1(C#C(Br)),Br,CN,H,CN,38.5,1.98499313,1.7888,4.597,-10.267,1.2115,17.098,7.724,C1,1.8018,0.013,4.126,-0.471,-9.073,1.2135,0.002,16.897,-0.201,8.832,2.8688,0.186,-11.586,0.01877274,0.013678952,-0.001429577,-0.012249375,0.060434117,0.001429577,7.06E-07,-0.01877274,-6.84,-6.773101348,-6.35,-6.282548941,0.067494922,-4.39E-05,7.33,-0.02942
2-4-6-F-3-5-CF3BABr,c1(F)c(C(F)(F)F)c(F)c(C(F)(F)F)c(F)c1(C#C(Br)),Br,F,CF3,F,36.2,1.988849229,1.7934,4.559,-6.909,1.2102,17.27,4.329,C1,1.806,0.0126,4.126,-0.433,-5.474,1.2118,0.0016,17.11,-0.16,5.071,2.8906,0.176,-11.352,0.017961032,0.013095509,-0.001431396,-0.011664113,0.058107621,0.001431396,1.29E-06,-0.017961032,-6.29,-6.224996901,-5.81,-5.747933098,0.062041864,2.50E-05,6.85,-0.02701
2-4-6-F-3-5-NO2BABr,c1(F)c(N(=O)=O)c(F)c(N(=O)=O)c(F)c1(C#C(Br)),Br,F,NO2,F,39.7,1.985981455,1.792,4.572,-7.881,1.2104,17.26,5.196,C1,1.8052,0.0132,4.109,-0.463,-6.4,1.2121,0.0017,17.087,-0.173,6.003,2.8765,0.181,-11.501,0.018487906,0.013466122,-0.001428136,-0.012037986,0.059577031,0.001428136,3.39E-06,-0.018487906,-6.72,-6.656171228,-6.24,-6.173385725,0.066810936,-0.000196661,7.19,-0.0287
2-4-6-FBABr,c1(F)cc(F)cc(F)c1(C#C(Br)),Br,F,H,F,29.8,1.994138675,1.7961,4.534,-5.047,1.2105,17.249,2.668,C1,1.8077,0.0116,4.158,-0.376,-3.696,1.2119,0.0014,17.112,-0.137,3.297,2.9176,0.171,-11.096,0.017005697,0.012413191,-0.001429105,-0.010984086,0.055369182,0.001429105,6.88E-07,-0.017005697,-5.48,-5.432803807,-5.03,-4.979046982,0.050276061,0.000676957,6.26,-0.02397
2-4-6-NH2BABr,c1(N)cc(N)cc(N)c1(C#C(Br)),Br,NH2,H,NH2,24.4,2.001921528,1.8026,4.465,-0.358,1.2161,16.655,-2.265,C1,1.8132,0.0106,4.144,-0.321,0.996,1.217,0.0009,16.588,-0.067,-1.728,2.9457,0.165,-11.338,0.0161,0.0117,-0.00141,-0.0103,0.0526,0.00141,1.54E-06,-0.0161,-4.73,-4.680295042,-4.29,-4.238214528,0.050506985,0.001278488,5.76,-0.02136
2-4-6-OHBABr,c1(O)cc(O)cc(O)c1(C#C(Br)),Br,OH,H,OH,32.9,1.993014367,1.7995,4.496,-2.193,1.2163,16.694,-0.728,C1,1.8117,0.0122,4.102,-0.394,-0.595,1.2174,0.0011,16.595,-0.099,-0.234,2.9073,0.171,-11.449,0.0174,0.0127,-0.00143,-0.0112,0.0564,0.00143,1.79E-06,-0.0174,-5.81,-5.753784329,-5.35,-5.289673559,0.06008278,0.000243662,6.56,-0.02539
2-4-6-SHBABr,c1(S)cc(S)cc(S)c1(C#C(Br)),Br,SH,H,SH,32.9,1.993139948,1.7986,4.505,-3.867,1.2144,16.841,1.273,C1,1.8106,0.012,4.111,-0.394,-2.33,1.2157,0.0013,16.723,-0.118,1.886,2.9059,0.172,-11.698,0.0174,0.0127,-0.00143,-0.0113,0.0565,0.00143,1.28E-06,-0.0174,-5.85,-5.794525384,-5.38,-5.324971935,0.05483178,0.000196285,6.59,-0.02554
2-6_NH2_3-4-5_CNBABr,c1(N)c(C#N)c(C#N)c(C#N)c(N)c1(C#C(Br)),Br,NH2,CN,CN,41.7,1.98868083,1.7975,4.513,-4.789,1.2148,16.82,1.843,C1,1.8108,0.0133,4.065,-0.448,-3.131,1.2162,0.0014,16.692,-0.128,2.539,2.8814,0.178,-11.855,0.0183,0.0133,-0.00142,-0.0119,0.059,0.00142,4.46E-07,-0.0183,-6.7,-6.632030938,-6.21,-6.144468493,0.065869672,-0.000338165,7.16,-0.02859
2-6_NH2_3-4-5_FBABr,c1(N)c(F)c(F)c(F)c(N)c1(C#C(Br)),Br,NH2,F,F,32.4,1.994180043,1.7998,4.494,-2.802,1.2146,16.832,0.224,C1,1.8116,0.0118,4.118,-0.376,-1.299,1.2158,0.0012,16.73,-0.102,0.719,2.916,0.17,-11.302,0.0171,0.0125,-0.00143,-0.011,0.0555,0.00143,1.52E-06,-0.0171,-5.62,-5.563589338,-5.16,-5.101997101,0.057755974,0.000246925,6.36,-0.02447
2-6_NH2_3-5_CN_4_NO2BABr,c1(N)c(C#N)c(N(=O)=O)c(C#N)c(N)c1(C#C(Br)),Br,NH2,CN,NO2,42,1.987499762,1.7973,4.514,-4.917,1.2147,16.831,2.003,C1,1.8107,0.0134,4.063,-0.451,-3.271,1.2161,0.0014,16.7,-0.131,2.701,2.8799,0.179,-11.817,0.0184,0.0134,-0.00142,-0.0119,0.0592,0.00142,3.39E-06,-0.0184,-6.74,-6.671394609,-6.25,-6.182507902,0.067833777,-0.000341679,7.2,-0.02877
2-6_NH2_3-5_F_4_NO2BABr,c1(N)c(F)c(N(=O)=O)c(F)c(N)c1(C#C(Br)),Br,NH2,F,NO2,36.8,1.991041093,1.798,4.509,-4.398,1.2143,16.873,1.706,C1,1.8105,0.0125,4.097,-0.412,-2.913,1.2156,0.0013,16.751,-0.122,2.397,2.8985,0.173,-11.527,0.0177,0.0129,-0.00143,-0.0115,0.0573,0.00143,2.88E-06,-0.0177,-6.15,-6.0862169,-5.68,-5.615360874,0.064740155,-0.000101029,6.75,-0.02644
2-6_NH2_3-5_NO2_4_CNBABr,c1(N)c(N(=O)=O)c(C#N)c(N(=O)=O)c(N)c1(C#C(Br)),Br,NH2,NO2,CN,42.7,1.986749669,1.7972,4.516,-5.036,1.2149,16.806,2.048,C1,1.8107,0.0135,4.057,-0.459,-3.342,1.2163,0.0014,16.676,-0.13,2.751,2.8761,0.181,-11.934,0.0185,0.0135,-0.00142,-0.012,0.0596,0.00142,5.39E-07,-0.0185,-6.84,-6.77185888,-6.35,-6.27996925,0.07037519,-0.00034444,,-0.02906
2-6_NH2_3-5_NO2_4_FBABr,c1(N)c(N(=O)=O)c(F)c(N(=O)=O)c(N)c1(C#C(Br)),Br,NH2,NO2,F,39.4,1.989283271,1.7987,4.503,-3.593,1.2151,16.797,0.711,C1,1.8117,0.013,4.072,-0.431,-1.853,1.2163,0.0012,16.684,-0.113,1.22,2.8889,0.175,-11.707,0.018,0.0131,-0.00143,-0.0117,0.0582,0.00143,2.33E-06,-0.018,-6.45,-6.379521115,-5.96,-5.893603722,0.066654059,-0.000257781,56.46,-0.02747
2-6_OH_3-5_BH2_4_CNBABr,c1(O)c(B)c(C#N)c(B)c(O)c1(C#C(Br)),Br,OH,BH2,CN,42.3,1.986043912,1.7965,4.52,-4.875,1.2155,16.776,1.767,C1,1.8103,0.0138,4.047,-0.473,-3.073,1.217,0.0015,16.644,-0.132,2.399,2.8703,0.183,-11.948,0.0187,0.0136,-0.00142,-0.0122,0.0602,0.00142,1.14E-06,-0.0187,-6.95,-6.873866824,-6.45,-6.37537839,0.07494346,-0.00032185,7.43,-0.02986
2-6_OH_3-5_BH2_4_FBABr,c1(O)c(B)c(F)c(B)c(O)c1(C#C(Br)),Br,OH,BH2,F,38.7,1.988129723,1.7979,4.509,-3.522,1.2158,16.747,0.497,C1,1.8111,0.0132,4.066,-0.443,-1.745,1.2171,0.0013,16.631,-0.116,0.996,2.8842,0.177,-11.713,0.0182,0.0133,-0.00143,-0.0118,0.0587,0.00143,1.12E-06,-0.0182,-6.51,-6.443740437,-6.03,-5.959573981,0.070619919,-0.0001939,7.09,-0.02812
2-6_OH_3-5_BH2_4_NO2BABr,c1(O)c(B)c(N(=O)=O)c(B)c(O)c1(C#C(Br)),Br,OH,BH2,NO2,42.2,1.986048344,1.7967,4.519,-4.602,1.2155,16.789,1.531,C1,1.8106,0.0139,4.047,-0.472,-2.755,1.2169,0.0014,16.659,-0.13,2.085,2.8708,0.183,-11.877,0.0187,0.0136,-0.00142,-0.0122,0.0601,0.00142,4.08E-06,-0.0187,-6.93,-6.858819146,-6.45,-6.373912151,0.076405557,-0.000317708,7.42,-0.02983
2-6_OH_3-5_CN_4_NO2BABr,c1(O)c(C#N)c(N(=O)=O)c(C#N)c(O)c1(C#C(Br)),Br,OH,CN,NO2,49.1,1.979975972,1.7938,4.544,-6.747,1.2149,16.844,3.487,C1,1.8091,0.0153,4.008,-0.536,-4.814,1.2166,0.0017,16.682,-0.162,4.19,2.8433,0.203,-12.143,0.0198,0.0144,-0.00141,-0.013,0.0631,0.00141,1.13E-06,-0.0198,-7.83,-7.740363317,-7.33,-7.238142085,0.092181145,-0.00032323,8.14,-0.03354
2-6_OH_3-5_F_4_NO2BABr,c1(O)c(F)c(N(=O)=O)c(F)c(O)c1(C#C(Br)),Br,OH,F,NO2,43.8,1.984065215,1.7954,4.532,-5.656,1.2149,16.853,2.626,C1,1.8095,0.0141,4.045,-0.487,-3.89,1.2165,0.0016,16.706,-0.147,3.286,2.8638,0.188,-11.805,0.019,0.0138,-0.00142,-0.0124,0.0609,0.00142,3.05E-06,-0.019,-7.16,-7.07470124,-6.66,-6.57916567,0.081180904,-0.000346573,7.58,-0.03066
2-6_OH_3-5_NH2_4_CNBABr,c1(O)c(N)c(C#N)c(N)c(O)c1(C#C(Br)),Br,OH,NH2,CN,37.7,1.989248377,1.7977,4.51,-4.358,1.215,16.835,1.46,C1,1.8106,0.0129,4.079,-0.431,-2.736,1.2164,0.0014,16.707,-0.128,2.121,2.8894,0.175,-11.735,0.018,0.0131,-0.00143,-0.0117,0.0582,0.00143,7.41E-07,-0.018,-6.36,-6.29465673,-5.89,-5.823119285,0.067018015,-0.000137299,6.96,-0.02749
2-6_OH_3-5_NH2_4_FBABr,c1(O)c(N)c(F)c(N)c(O)c1(C#C(Br)),Br,OH,NH2,F,33.5,1.992409462,1.7993,4.497,-2.731,1.2156,16.773,-0.091,C1,1.8116,0.0123,4.1,-0.397,-1.132,1.2168,0.0012,16.665,-0.108,0.417,2.9058,0.171,-11.477,0.0174,0.0127,-0.00143,-0.0113,0.0565,0.00143,1.41E-06,-0.0174,-5.87,-5.803611721,-5.41,-5.348289523,0.061521031,0.000189445,6.59,-0.02558
2-6_OH_3-5_NH2_4_NO2BABr,c1(O)c(N)c(N(=O)=O)c(N)c(O)c1(C#C(Br)),Br,OH,NH2,NO2,38.9,1.988209788,1.7972,4.514,-4.997,1.2147,16.869,2.124,C1,1.8103,0.0131,4.072,-0.442,-3.376,1.2161,0.0014,16.733,-0.136,2.82,2.8842,0.177,-11.763,0.0182,0.0133,-0.00143,-0.0118,0.0587,0.00143,2.35E-07,-0.0182,-6.52,-6.448967591,-6.04,-5.969847889,0.07035009,-0.000197979,7.08,-0.02812
2-6_OH_3-5_NO2_4_CNBABr,c1(O)c(N(=O)=O)c(C#N)c(N(=O)=O)c(O)c1(C#C(Br)),Br,OH,NO2,CN,49.5,1.979757448,1.7933,4.549,-7.167,1.2151,16.824,3.864,C1,1.8086,0.0153,4.008,-0.541,-5.253,1.2168,0.0017,16.658,-0.166,4.625,2.841,0.205,-12.207,0.0199,0.0144,-0.0014,-0.013,0.0634,0.0014,2.09E-06,-0.0199,-7.91,-7.812984992,-7.4,-7.30785205,0.092463525,-0.000315575,8.2,-0.03386
2-6_OH_3-5_NO2_4_FBABr,c1(O)c(N(=O)=O)c(F)c(N(=O)=O)c(O)c1(C#C(Br)),Br,OH,NO2,F,46.2,1.981792389,1.7949,4.537,-5.581,1.2151,16.822,2.388,C1,1.8096,0.0147,4.025,-0.512,-3.642,1.2167,0.0016,16.675,-0.147,2.951,2.8537,0.195,-11.936,0.0194,0.0141,-0.00141,-0.0127,0.062,0.00141,2.31E-05,-0.0194,-7.47,-7.384439929,-6.98,-6.892870118,0.087487375,-0.000357492,7.86,-0.03206
2-6_OH_4_NH2_3-5_CNBABr,c1(O)c(C#N)c(N)c(C#N)c(O)c1(C#C(Br)),Br,OH,CN,NH2,40.2,1.987271788,1.7972,4.517,-3.441,1.2159,16.721,0.077,C1,1.8108,0.0136,4.059,-0.458,-1.665,1.2172,0.0013,16.605,-0.116,0.678,2.8779,0.179,-11.921,0.0184,0.0134,-0.00143,-0.012,0.0594,0.00143,2.22E-06,-0.0184,-6.7,-6.624952631,-6.22,-6.146884664,0.073387236,-0.0002719,7.24,-0.02888
2-6_OH_4_NH2_3-5_FBABr,c1(O)c(F)c(N)c(F)c(O)c1(C#C(Br)),Br,OH,F,NH2,34.3,1.991418867,1.7988,4.504,-2.336,1.2162,16.69,-0.772,C1,1.8112,0.0124,4.096,-0.408,-0.772,1.2174,0.0012,16.591,-0.099,-0.165,2.9005,0.172,-11.584,0.0176,0.0128,-0.00143,-0.0114,0.0571,0.00143,1.68E-06,-0.0176,-6.01,-5.941193179,-5.54,-5.472553961,0.067350595,9.54E-05,6.7,-0.02613
2-6_opp_H_3-5_4-OHBABr,c1(O)c(O)c(O)c(O)c(O)c1(C#C(Br)),Br,OH,OH,OH,33.6,1.992194594,1.7992,4.499,-2.449,1.2159,16.731,-0.486,C1,1.8115,0.0123,4.1,-0.399,-0.861,1.2171,0.0012,16.628,-0.103,0.061,2.9049,0.172,-11.496,0.0174,0.0127,-0.00143,-0.0113,0.0566,0.00143,1.08E-06,-0.0174,-5.89,-5.827595134,-5.43,-5.368014925,0.061721834,0.00026324,6.6,-0.02566
2-6_opp_H_3-5_4-SHBABr,c1(S)c(S)c(S)c(S)c(S)c1(C#C(Br)),Br,SH,SH,SH,34.4,1.99198811,1.7979,4.511,-4.362,1.2144,16.834,1.726,C1,1.8102,0.0123,4.104,-0.407,-2.771,1.2157,0.0013,16.713,-0.121,2.375,2.8988,0.173,-11.94,0.0177,0.0129,-0.00143,-0.0115,0.0572,0.00143,1.75E-06,-0.0177,-6.05,-5.98952396,-5.57,-5.511158999,0.05878509,5.59E-05,,-0.02579
2-6_opp_H_3-5-OHBABr,c1(O)c(O)c(O)c(O)c(O)c1(C#C(Br)),Br,OH,OH,H,33.6,1.991346367,1.7985,4.506,-3.588,1.2152,16.821,0.854,C1,1.8109,0.0124,4.099,-0.407,-1.986,1.2165,0.0013,16.703,-0.118,1.378,2.9006,0.172,-11.444,0.0176,0.0128,-0.00143,-0.0114,0.0571,0.00143,1.77E-06,-0.0176,-5.98,-5.920523016,-5.52,-5.458005513,0.061652808,0.000341679,6.69,-0.0261
2-6_opp_H_3-5-SHBABr,c1(S)c(S)c(S)c(S)c(S)c1(C#C(Br)),Br,SH,SH,H,34.3,1.991421302,1.7977,4.513,-4.936,1.2141,16.876,2.487,C1,1.8101,0.0124,4.102,-0.411,-3.331,1.2155,0.0014,16.746,-0.13,3.069,2.8969,0.173,-11.767,0.0177,0.0129,-0.00143,-0.0115,0.0574,0.00143,6.34E-07,-0.0177,-6.1,-6.03604124,-5.61,-5.550038518,0.059833031,0.000128451,6.78,-0.02654
2-6_SH_3-5_BH2_4_CNBABr,c1(S)c(B)c(C#N)c(B)c(S)c1(C#C(Br)),Br,SH,BH2,CN,39.9,1.987717929,1.7965,4.521,-5.714,1.2143,16.848,3.129,C1,1.8097,0.0132,4.074,-0.447,-4.011,1.2158,0.0015,16.707,-0.141,3.771,2.8801,0.179,-11.999,0.0184,0.0134,-0.00142,-0.0119,0.0592,0.00142,7.77E-07,-0.0184,-6.65,-6.585978016,-6.16,-6.093187244,0.067068215,-0.000255459,7.19,-0.02865
2-6_SH_3-5_BH2_4_FBABr,c1(S)c(B)c(F)c(B)c(S)c1(C#C(Br)),Br,SH,BH2,F,36.4,1.990055742,1.798,4.51,-4.377,1.2143,16.852,1.866,C1,1.8106,0.0126,4.09,-0.42,-2.673,1.2156,0.0013,16.727,-0.125,2.367,2.8933,0.174,-11.778,0.0179,0.013,-0.00143,-0.0116,0.0578,0.00143,5.95E-07,-0.0179,-6.24,-6.176546892,-5.76,-5.696973573,0.06309608,-6.97E-05,6.88,-0.02704
2-6_SH_3-5_BH2_4_NO2BABr,c1(S)c(B)c(N(=O)=O)c(B)c(S)c1(C#C(Br)),Br,SH,BH2,NO2,39.9,1.987312592,1.7946,4.536,-8.317,1.2147,16.795,5.706,C1,1.8075,0.0129,4.085,-0.451,-7.12,1.2164,0.0017,16.623,-0.172,6.894,2.8756,0.181,-12.052,0.0185,0.0135,-0.00143,-0.0121,0.0597,0.00143,3.18E-06,-0.0185,-6.77,-6.702054723,-6.28,-6.209189632,0.071078001,-0.000267633,7.27,-0.0291
2-6_SH_3-5_CN_4_NO2BABr,c1(S)c(C#N)c(N(=O)=O)c(C#N)c(S)c1(C#C(Br)),Br,SH,CN,NO2,46.4,1.983231532,1.7942,4.542,-7.319,1.2141,16.881,4.547,C1,1.8086,0.0144,4.037,-0.505,-5.525,1.2158,0.0017,16.714,-0.167,5.282,2.8543,0.195,-12.168,0.0194,0.0141,-0.00141,-0.0127,0.0619,0.00141,3.35E-07,-0.0194,-7.48,-7.400767726,-6.98,-6.898696794,0.081657811,-0.000354606,7.85,-0.03201
2-6_SH_3-5_F_4_NO2BABr,c1(S)c(F)c(N(=O)=O)c(F)c(S)c1(C#C(Br)),Br,SH,F,NO2,41.7,1.986109219,1.7953,4.534,-6.534,1.2139,16.914,3.923,C1,1.8088,0.0135,4.068,-0.466,-4.897,1.2155,0.0016,16.758,-0.156,4.638,2.8719,0.183,-11.831,0.0187,0.0136,-0.00142,-0.0122,0.06,0.00142,1.75E-06,-0.0187,-6.9,-6.828416311,-6.41,-6.336946034,0.07330566,-0.000251694,7.38,-0.02961
2-6_SH_3-5_NH2_4_CNBABr,c1(S)c(N)c(C#N)c(N)c(S)c1(C#C(Br)),Br,SH,NH2,CN,29.4,1.996531123,1.7956,4.534,-6.613,1.2109,17.181,4.733,C1,1.8065,0.0109,4.176,-0.358,-5.47,1.2125,0.0016,17.03,-0.151,5.576,2.9246,0.17,-11.399,0.0168,0.0122,-0.00142,-0.0108,0.0547,0.00142,1.83E-06,-0.0168,-5.34,-5.286123462,-4.88,-4.829581431,0.049767778,0.00065079,,-0.02243
2-6_SH_3-5_NH2_4_FBABr,c1(S)c(N)c(F)c(N)c(S)c1(C#C(Br)),Br,SH,NH2,F,30.1,1.995513614,1.7984,4.507,-4.308,1.213,16.96,2.069,C1,1.81,0.0116,4.134,-0.373,-2.821,1.2145,0.0015,16.829,-0.131,2.561,2.9182,0.17,-11.431,0.017,0.0124,-0.00143,-0.011,0.0553,0.00143,1.34E-06,-0.017,-5.51,-5.437899185,-5.05,-4.982489139,0.067018015,0.000492846,6.3,-0.02414
2-6_SH_3-5_NH2_4_NO2BABr,c1(S)c(N)c(N(=O)=O)c(N)c(S)c1(C#C(Br)),Br,SH,NH2,NO2,30.5,1.995673387,1.7951,4.539,-7.163,1.2108,17.189,5.327,C1,1.8062,0.0111,4.171,-0.368,-6.011,1.2125,0.0017,17.023,-0.166,6.176,2.9198,0.17,-11.422,0.0169,0.0124,-0.00143,-0.0109,0.0551,0.00143,8.41E-07,-0.0169,-5.49,-5.427463702,-5.04,-4.972693331,0.066842312,0.000464357,,-0.02337
2-6_SH_3-5_NO2_4_CNBABr,c1(S)c(N(=O)=O)c(C#N)c(N(=O)=O)c(S)c1(C#C(Br)),Br,SH,NO2,CN,46.2,1.983207346,1.7932,4.551,-7.985,1.2139,16.881,5.225,C1,1.8076,0.0144,4.044,-0.507,-6.197,1.2158,0.0019,16.699,-0.182,5.97,2.8543,0.195,-12.2,0.0194,0.0141,-0.00141,-0.0127,0.0619,0.00141,5.90E-07,-0.0194,-7.49,-7.39148686,-6.99,-6.896455527,0.093887971,-0.000343499,7.84,-0.03197
2-6_SH_3-5_NO2_4_FBABr,c1(S)c(N(=O)=O)c(F)c(N(=O)=O)c(S)c1(C#C(Br)),Br,SH,NO2,F,43,1.984677297,1.795,4.537,-6.296,1.2138,16.896,3.647,C1,1.8089,0.0139,4.057,-0.48,-4.475,1.2155,0.0017,16.748,-0.148,4.214,2.8666,0.186,-11.959,0.0189,0.0137,-0.00142,-0.0123,0.0606,0.00142,1.08E-06,-0.0189,-7.07,-6.991079324,-6.58,-6.50053477,0.079831759,-0.000366528,7.53,-0.03032
2-6_SH_4_NH2_3-5_CNBABr,c1(S)c(C#N)c(N)c(C#N)c(S)c1(C#C(Br)),Br,SH,CN,NH2,37.9,1.989866304,1.7976,4.514,-4.284,1.2145,16.82,1.43,C1,1.8106,0.013,4.08,-0.434,-2.583,1.2159,0.0014,16.696,-0.124,2.032,2.8871,0.176,-11.965,0.0181,0.0132,-0.00143,-0.0118,0.0584,0.00143,3.43E-06,-0.0181,-6.43,-6.363230968,-5.95,-5.884418668,0.065788096,-0.000206764,7.02,-0.0278
2-6_SH_4_NH2_3-5_FBABr,c1(S)c(F)c(N)c(F)c(S)c1(C#C(Br)),Br,SH,F,NH2,32.6,1.993421178,1.7986,4.506,-3.529,1.2146,16.823,0.85,C1,1.8106,0.012,4.113,-0.393,-2.025,1.2159,0.0013,16.711,-0.112,1.473,2.9062,0.171,-11.626,0.0174,0.0127,-0.00143,-0.0113,0.0565,0.00143,3.06E-06,-0.0174,-5.83,-5.77020939,-5.37,-5.309659753,0.06010286,0.000237387,6.58,-0.02549
2-6-BH2BABr,c1(B)cccc(B)c1(C#C(Br)),Br,BH2,H,H,27.5,1.997484644,1.7969,4.521,-5.608,1.2117,17.111,4.055,C1,1.8075,0.0106,4.176,-0.345,-4.473,1.2131,0.0014,16.968,-0.143,4.839,2.9301,0.169,-11.126,0.0166,0.0121,-0.00142,-0.0107,0.0541,0.00142,3.19E-06,-0.0166,-5.18,-5.138962444,-4.72,-4.67434699,0.044796648,0.000856362,5.99,-0.02273
2-6-CF3BABr,c1(C(F)(F)F)cccc(C(F)(F)F)c1(C#C(Br)),Br,CF3,H,H,30.6,1.99247534,1.7929,4.564,-7.093,1.2099,17.264,5.026,C1,1.8045,0.0116,4.17,-0.394,-5.837,1.2115,0.0016,17.103,-0.161,5.799,2.907,0.172,-11.191,0.017372576,0.012678814,-0.001432314,-0.0112465,0.056444509,0.001432314,3.16E-06,-0.017372576,-5.75,-5.691074167,-5.27,-5.21494878,0.054411349,0.000639871,6.44,-0.02498
2-6-CH3BABr,c1(C)cccc(C)c1(C#C(Br)),Br,CH3,H,H,26.5,2.000024743,1.8002,4.489,-3.395,1.2131,17.012,1.43,C1,1.8109,0.0107,4.156,-0.333,-2.069,1.2143,0.0012,16.896,-0.116,1.98,2.9384,0.167,-11.136,0.0163,0.0119,-0.00142,-0.0105,0.0533,0.00142,5.19E-07,-0.0163,-4.96,-4.920278521,-4.51,-4.467166076,0.041858021,0.000975903,5.87,-0.02204
2-6-CHOBABr,c1(C(=O))cccc(C(=O))c1(C#C(Br)),Br,CHO,H,H,35.6,1.98992419,1.796,4.529,-5.716,1.2123,17.054,3.693,C1,1.8084,0.0124,4.112,-0.417,-4.218,1.2137,0.0014,16.91,-0.144,4.362,2.8951,0.174,-11.426,0.017806501,0.012977582,-0.001429646,-0.011547936,0.057628909,0.001429646,3.21E-06,-0.017806501,-6.2,-6.141269563,-5.72,-5.663036319,0.056981628,-1.79E-05,6.78,-0.02665
2-6-ClBABr,c1(Cl)cccc(Cl)c1(C#C(Br)),Br,Cl,H,H,28.9,1.994508119,1.7955,4.539,-5.834,1.2106,17.208,3.708,C1,1.8067,0.0112,4.17,-0.369,-4.572,1.2121,0.0015,17.066,-0.142,4.392,2.9204,0.17,-11.134,0.016914557,0.012347576,-0.001428479,-0.010919097,0.055104222,0.001428479,1.44E-06,-0.016914557,-5.4,-5.348102575,-4.94,-4.891906605,0.047301666,0.000791729,6.2,-0.02364
2-6-CNBABr,c1(C#N)cccc(C#N)c1(C#C(Br)),Br,CN,H,H,32.9,1.988317006,1.7912,4.577,-8.161,1.211,17.162,5.872,C1,1.8035,0.0123,4.147,-0.43,-6.898,1.2128,0.0018,16.985,-0.177,6.715,2.8889,0.176,-11.255,0.018010673,0.013145048,-0.00143682,-0.011708228,0.058327473,0.00143682,1.89E-06,-0.018010673,-6.19,-6.128470252,-5.71,-5.65034148,0.059186696,0.000471824,6.85,-0.02696
2-6-COOHBABr,c1(C(=O)O)cccc(C(=O)O)c1(C#C(Br)),Br,COOH,H,H,30.1,1.997387324,1.7948,4.543,-6.026,1.2095,17.25,4.328,C1,1.8056,0.0108,4.19,-0.353,-4.855,1.211,0.0015,17.102,-0.148,5.054,2.9296,0.169,-11.112,0.016628698,0.012128322,-0.001421161,-0.010707161,0.054197933,0.001421161,2.52E-06,-0.016628698,-5.32,-5.270052943,-4.86,-4.80883093,0.050809444,0.000359626,6.01,-0.02287
2-6-FBABr,c1(F)cccc(F)c1(C#C(Br)),Br,F,H,H,28.5,1.994704833,1.7963,4.533,-5.199,1.2105,17.244,2.925,C1,1.8076,0.0113,4.164,-0.369,-3.897,1.212,0.0015,17.107,-0.137,3.577,2.9217,0.17,-11.063,0.016868389,0.012315431,-0.001428409,-0.010887022,0.054975358,0.001428409,1.36E-06,-0.016868389,-5.35,-5.304728491,-4.9,-4.851471176,0.047654954,0.00087387,6.17,-0.02352
2-6-NH2BABr,c1(N)cccc(N)c1(C#C(Br)),Br,NH2,H,H,27.3,1.99904474,1.8015,4.476,-1.829,1.2152,16.765,-0.596,C1,1.8125,0.011,4.136,-0.34,-0.413,1.2163,0.0011,16.678,-0.087,-0.136,2.9347,0.168,-11.22,0.0164,0.012,-0.00142,-0.0106,0.0537,0.00142,1.20E-06,-0.0164,-5.06,-5.006060952,-4.61,-4.559368078,0.049789741,0.00084218,5.97,-0.02248
2-6-NO2BABr,c1(N(=O)=O)cccc(N(=O)=O)c1(C#C(Br)),Br,NO2,H,H,32.3,1.989780163,1.79,4.59,-8.848,1.2097,17.227,6.676,C1,1.8019,0.0119,4.172,-0.418,-7.646,1.2115,0.0018,17.047,-0.18,7.541,2.8954,0.175,-11.287,0.017785686,0.01297746,-0.001434844,-0.011542616,0.057649217,0.001434844,1.29E-06,-0.017785686,-6.06,-5.994042029,-5.58,-5.515608991,0.063955768,0.000435241,6.7,-0.02618
2-6-OHBABr,c1(O)cccc(O)c1(C#C(Br)),Br,OH,H,H,34.1,1.992262186,1.7988,4.502,-3.133,1.2157,16.765,0.389,C1,1.8113,0.0125,4.096,-0.406,-1.507,1.2169,0.0012,16.654,-0.111,0.87,2.9017,0.172,-11.395,0.0176,0.0128,-0.00143,-0.0114,0.0569,0.00143,3.33E-06,-0.0176,-5.98,-5.915289587,-5.51,-5.449697027,0.060178161,0.000124812,6.68,-0.02601
2-6-OOCMeBABr,c1(OC(=O)C)cccc(OC(=O)C)c1(C#C(Br)),Br,OOCMe,H,H,29.6,1.996459618,1.7979,4.513,-4.133,1.2111,17.141,2.192,C1,1.8093,0.0114,4.152,-0.361,-2.733,1.2125,0.0014,17.008,-0.133,2.709,2.9244,0.169,-11.182,0.016794162,0.012248956,-0.001421759,-0.010827197,0.05468286,0.001421759,2.16E-06,-0.016794162,-5.39,-5.318063695,-4.93,-4.859945906,0.069465302,0.000588792,6.15,-0.02356
2-6-SHBABr,c1(S)cccc(S)c1(C#C(Br)),Br,SH,H,H,32.7,1.992887767,1.7985,4.506,-4.223,1.2141,16.879,1.877,C1,1.8105,0.012,4.113,-0.393,-2.669,1.2154,0.0013,16.756,-0.123,2.39,2.9064,0.172,-11.455,0.0174,0.0127,-0.00143,-0.0113,0.0565,0.00143,1.25E-06,-0.0174,-5.83,-5.774551756,-5.37,-5.314404792,0.05517691,0.000418298,6.57,-0.02548
3-4-5-BH2BABr,c1c(B)c(B)c(B)cc1(C#C(Br)),Br,H,BH2,BH2,29,1.997119017,1.7989,4.505,-4.029,1.2118,17.145,1.926,C1,1.8101,0.0112,4.15,-0.355,-2.692,1.2131,0.0013,17.019,-0.126,2.609,2.9272,0.169,-11.301,0.0167,0.0122,-0.00142,-0.0108,0.0544,0.00142,1.39E-06,-0.0167,-5.28,-5.228112718,-4.82,-4.772827789,0.046493434,0.000678777,6.08,-0.02314
3-4-5-ClBABr,c1c(Cl)c(Cl)c(Cl)cc1(C#C(Br)),Br,H,Cl,Cl,32.4,1.993495658,1.7971,4.522,-5.368,1.2115,17.171,3.194,C1,1.8089,0.0118,4.138,-0.384,-4.029,1.2129,0.0014,17.028,-0.143,3.975,2.9124,0.171,-11.379,0.017194995,0.012539348,-0.001427521,-0.011111828,0.055867477,0.001427521,5.16E-07,-0.017194995,-5.7,-5.647926614,-5.24,-5.188755253,0.050966321,0.000278426,6.39,-0.02468
3-4-5-CNBABr,c1c(C#N)c(C#N)c(C#N)cc1(C#C(Br)),Br,H,CN,CN,41.5,1.986448572,1.7935,4.554,-8.397,1.2115,17.145,6.002,C1,1.8067,0.0132,4.097,-0.457,-7.065,1.2133,0.0018,16.966,-0.179,7.041,2.8779,0.18,-11.682,0.018448074,0.013426686,-0.001424915,-0.01200177,0.059406404,0.001424915,1.42E-06,-0.018448074,-6.77,-6.704978917,-6.29,-6.226003255,0.064319724,-0.000322979,7.17,-0.02872
3-4-5-FBABr,c1c(F)c(F)c(F)cc1(C#C(Br)),Br,H,F,F,32.2,1.993701188,1.7975,4.52,-4.796,1.2114,17.181,2.723,C1,1.8093,0.0118,4.139,-0.381,-3.409,1.2128,0.0014,17.043,-0.138,3.363,2.9151,0.171,-11.131,0.017102103,0.012472352,-0.001427048,-0.011045304,0.055597597,0.001427048,2.07E-06,-0.017102103,-5.63,-5.58189379,-5.18,-5.128117452,0.051587556,0.000294992,6.33,-0.0244
3-4-5-NH2BABr,c1c(N)c(N)c(N)cc1(C#C(Br)),Br,H,NH2,NH2,23,2.001875055,1.8012,4.482,-1.959,1.2125,17.063,-0.132,C1,1.8115,0.0103,4.17,-0.312,-0.739,1.2136,0.0011,16.961,-0.102,0.523,2.952,0.164,-11.199,0.0159,0.0116,-0.00141,-0.0102,0.052,0.00141,4.90E-07,-0.0159,-4.55,-4.505212989,-4.12,-4.077124409,0.041212314,0.001663277,5.6,-0.02063
3-4-5-OHBABr,c1c(O)c(O)c(O)cc1(C#C(Br)),Br,H,OH,OH,27.1,1.998795489,1.8001,4.495,-2.814,1.2121,17.102,0.709,C1,1.8109,0.0108,4.158,-0.337,-1.519,1.2133,0.0012,16.988,-0.114,1.336,2.9384,0.167,-11.144,0.0163,0.0119,-0.00142,-0.0105,0.0533,0.00142,9.33E-07,-0.0163,-4.97,-4.920109093,-4.53,-4.483936096,0.045074635,0.000989269,5.86,-0.02201
3-4-5-SHBABr,c1c(S)c(S)c(S)cc1(C#C(Br)),Br,H,SH,SH,30,1.996297217,1.7985,4.509,-4.509,1.2117,17.143,2.384,C1,1.8097,0.0112,4.148,-0.361,-3.225,1.2131,0.0014,17.012,-0.131,3.171,2.9243,0.17,-11.401,0.0168,0.0122,-0.00142,-0.0108,0.0547,0.00142,1.27E-06,-0.0168,-5.37,-5.319638744,-4.91,-4.862012654,0.047395793,0.000591553,6.15,-0.02344
3-5-BH2BABr,c1c(B)cc(B)cc1(C#C(Br)),Br,H,BH2,H,29.3,1.996207098,1.7986,4.507,-4.266,1.2117,17.154,2.261,C1,1.8099,0.0113,4.149,-0.358,-2.924,1.213,0.0013,17.024,-0.13,2.914,2.9258,0.169,-11.211,0.0167,0.0122,-0.00142,-0.0108,0.0545,0.00142,2.88E-06,-0.0167,-5.31,-5.266351265,-4.86,-4.812398133,0.046955281,0.000646586,6.11,-0.02327
3-5-CF3BABr,c1c(C(F)(F)F)cc(C(F)(F)F)cc1(C#C(Br)),Br,H,CF3,H,33.9,1.992227085,1.7965,4.529,-5.751,1.2113,17.182,3.675,C1,1.8085,0.012,4.131,-0.398,-4.368,1.2128,0.0015,17.034,-0.148,4.39,2.906,0.172,-11.253,0.017416409,0.012698428,-0.001428746,-0.011269682,0.056508693,0.001428746,3.74E-07,-0.017416409,-5.89,-5.835219375,-5.43,-5.374833255,0.055032583,0.000134162,6.53,-0.02539
3-5-CH3BABr,c1c(C)cc(C)cc1(C#C(Br)),Br,H,CH3,H,25.5,1.999392235,1.8,4.494,-3.417,1.212,17.123,1.55,C1,1.8107,0.0107,4.164,-0.33,-2.137,1.2132,0.0012,17.004,-0.119,2.164,2.9415,0.167,-11.108,0.0162,0.0118,-0.00142,-0.0104,0.053,0.00142,1.97E-06,-0.0162,-4.85,-4.810782505,-4.41,-4.367484286,0.041295145,0.001220569,5.8,-0.02166
3-5-CHOBABr,c1c(C(=O))cc(C(=O))cc1(C#C(Br)),Br,H,CHO,H,31.3,1.993707886,1.797,4.524,-5.467,1.2113,17.185,3.463,C1,1.8087,0.0117,4.141,-0.383,-4.127,1.2128,0.0015,17.041,-0.144,4.18,2.9133,0.171,-11.238,0.01716155,0.012517333,-0.001428503,-0.011088831,0.055783344,0.001428503,3.09E-06,-0.01716155,-5.65,-5.596229871,-5.19,-5.13734367,0.052240793,0.000415537,6.37,-0.02455
3-5-ClBABr,c1c(Cl)cc(Cl)cc1(C#C(Br)),Br,H,Cl,H,31.5,1.993588418,1.7974,4.52,-5.23,1.2115,17.173,3.208,C1,1.809,0.0116,4.142,-0.378,-3.892,1.2129,0.0014,17.031,-0.142,3.925,2.9158,0.171,-11.244,0.01707556,0.012454158,-0.001427306,-0.011026852,0.055525856,0.001427306,1.37E-06,-0.01707556,-5.59,-5.543458833,-5.14,-5.089544848,0.050068983,0.000386169,6.32,-0.0243
3-5-CNBABr,c1c(C#N)cc(C#N)cc1(C#C(Br)),Br,H,CN,H,36.9,1.989532844,1.7955,4.537,-6.49,1.2113,17.184,4.3,C1,1.808,0.0125,4.116,-0.421,-5.072,1.2128,0.0015,17.026,-0.158,5.076,2.8952,0.174,-11.394,0.017804218,0.012973241,-0.001428821,-0.01154442,0.057608246,0.001428821,9.61E-07,-0.017804218,-6.23,-6.170821495,-5.76,-5.702714783,0.057392646,-0.00010743,6.77,-0.02665
3-5-COOHBABr,c1c(C(=O)O)cc(C(=O)O)cc1(C#C(Br)),Br,H,COOH,H,29.9,1.994265122,1.7975,4.519,-5.128,1.2113,17.186,3.097,C1,1.8089,0.0114,4.147,-0.372,-3.797,1.2127,0.0014,17.047,-0.139,3.798,2.9183,0.17,-11.237,0.016988552,0.012394075,-0.001427324,-0.010966751,0.055285599,0.001427324,2.54E-06,-0.016988552,-5.49,-5.44252393,-5.04,-4.988544535,0.050859645,0.00059582,6.26,-0.02401
3-5-FBABr,c1c(F)cc(F)cc1(C#C(Br)),Br,H,F,H,31.1,1.994051709,1.7976,4.519,-4.986,1.2114,17.178,3.02,C1,1.8091,0.0115,4.145,-0.374,-3.641,1.2128,0.0014,17.038,-0.14,3.675,2.9184,0.17,-11.096,0.016989379,0.012391976,-0.001426807,-0.010965169,0.055275134,0.001426807,5.38E-07,-0.016989379,-5.53,-5.475973951,-5.07,-5.019786627,0.049785349,0.000428024,6.26,-0.02403
3-5-NH2BABr,c1c(N)cc(N)cc1(C#C(Br)),Br,H,NH2,H,24.3,2.001225821,1.8003,4.491,-3.331,1.2118,17.139,1.511,C1,1.8108,0.0105,4.167,-0.324,-2.08,1.2131,0.0013,17.02,-0.119,2.124,2.9454,0.166,-11.083,0.0161,0.0117,-0.00142,-0.0103,0.0527,0.00142,2.08E-06,-0.0161,-4.73,-4.688970989,-4.3,-4.25510797,0.04346068,0.001431349,5.72,-0.02127
3-5-NO2BABr,c1c(N(=O)=O)cc(N(=O)=O)cc1(C#C(Br)),Br,H,NO2,H,37.4,1.988630743,1.795,4.579,-6.744,1.2111,17.194,4.548,C1,1.8076,0.0126,4.115,-0.464,-5.301,1.2128,0.0017,17.032,-0.162,5.318,2.892,0.175,-11.4,0.017919482,0.013054719,-0.001428621,-0.011626098,0.057933359,0.001428621,5.32E-07,-0.017919482,-6.31,-6.250988344,-5.84,-5.779850767,0.060272287,-0.000123055,6.84,-0.02699
3-5-OHBABr,c1c(O)cc(O)cc1(C#C(Br)),Br,H,OH,H,28.4,1.997422966,1.7992,4.502,-3.902,1.2117,17.148,1.994,C1,1.8103,0.0111,4.155,-0.347,-2.589,1.213,0.0013,17.021,-0.127,2.61,2.9322,0.168,-11.077,0.0165,0.0121,-0.00142,-0.0106,0.0539,0.00142,6.59E-07,-0.0165,-5.14,-5.096591747,-4.7,-4.653079546,0.046152069,0.000768385,5.98,-0.02262
3-5-OOCMeBABr,c1c(OC(=O)C)cc(OC(=O)C)cc1(C#C(Br)),Br,H,OOCMe,H,26.5,1.997355609,1.7985,4.509,-4.455,1.2113,17.18,2.492,C1,1.8095,0.011,4.161,-0.348,-3.189,1.2127,0.0014,17.05,-0.13,3.18,2.9307,0.169,-11.187,0.016569291,0.012093984,-0.00142407,-0.010669914,0.054072218,0.00142407,1.90E-06,-0.016569291,-5.11,-5.061343284,-4.67,-4.617685976,0.051091823,0.0012222,6,-0.02268
3-5-SHBABr,c1c(S)cc(S)cc1(C#C(Br)),Br,H,SH,H,29.5,1.996194533,1.7986,4.508,-4.488,1.2117,17.152,2.514,C1,1.8098,0.0112,4.15,-0.358,-3.172,1.213,0.0013,17.02,-0.132,3.205,2.926,0.169,-11.25,0.0167,0.0122,-0.00142,-0.0108,0.0545,0.00142,1.92E-06,-0.0167,-5.32,-5.269739189,-4.86,-4.813128366,0.046272551,0.000599083,6.11,-0.02325
4-BH2BABr,c1cc(B)ccc1(C#C(Br)),Br,H,H,BH2,29.7,1.995856555,1.7979,4.513,-5.535,1.2121,17.102,3.569,C1,1.809,0.0111,4.154,-0.359,-4.398,1.2136,0.0015,16.961,-0.141,4.461,2.9241,0.17,-11.244,0.0168,0.0123,-0.00143,-0.0108,0.0547,0.00143,2.88E-06,-0.0168,-5.36,-5.311311066,-4.91,-4.862514536,0.046917003,0.000568461,6.14,-0.02341
4-CF3BABr,c1cc(C(F)(F)F)ccc1(C#C(Br)),Br,H,H,CF3,31,1.995298008,1.7979,4.514,-4.984,1.2117,17.148,3.006,C1,1.8093,0.0114,4.145,-0.369,-3.672,1.2132,0.0015,17.009,-0.139,3.715,2.9201,0.17,-11.172,0.016931782,0.012349197,-0.00142565,-0.010923547,0.055099389,0.00142565,1.86E-06,-0.016931782,-5.49,-5.442756108,-5.04,-4.990335321,0.049240671,0.000424008,6.23,-0.02387
4-CH3BABr,c1cc(C)ccc1(C#C(Br)),Br,H,H,CH3,25.6,1.999406221,1.8,4.495,-3.261,1.2121,17.115,1.288,C1,1.8107,0.0107,4.163,-0.332,-1.977,1.2133,0.0012,16.997,-0.118,1.909,2.9407,0.167,-11.118,0.0162,0.0119,-0.00142,-0.0104,0.0531,0.00142,1.11E-06,-0.0162,-4.87,-4.828104905,-4.43,-4.387516477,0.041292008,0.001191515,5.81,-0.02173
4-CHOBABr,c1cc(C(=O))ccc1(C#C(Br)),Br,H,H,CHO,31,1.994829256,1.7976,4.51,-5.47,1.212,17.116,3.452,C1,1.809,0.0114,4.146,-0.364,-4.27,1.2134,0.0014,16.974,-0.142,4.304,2.9202,0.17,-11.257,0.016930241,0.012348021,-0.001425942,-0.01092208,0.055095851,0.001425942,2.12E-06,-0.016930241,-5.49,-5.438023431,-5.03,-4.982897945,0.046782716,0.00031934,6.22,-0.02384
4-ClBABr,c1cc(Cl)ccc1(C#C(Br)),Br,H,H,Cl,28.9,1.997215573,1.7988,4.506,-4.058,1.2119,17.136,1.998,C1,1.81,0.0112,4.153,-0.353,-2.741,1.2132,0.0013,17.009,-0.127,2.672,2.9284,0.169,-11.197,0.016650426,0.012148717,-0.001423495,-0.010725223,0.054288848,0.001423495,1.99E-06,-0.016650426,-5.24,-5.193578361,-4.79,-4.743981089,0.045331286,0.000687625,6.06,-0.02299
4-CNBABr,c1cc(C#N)ccc1(C#C(Br)),Br,H,H,CN,32.8,1.994246569,1.7972,4.521,-5.654,1.2119,17.129,3.571,C1,1.8088,0.0116,4.14,-0.381,-4.378,1.2133,0.0014,16.984,-0.145,4.394,2.9139,0.171,-11.304,0.017144797,0.012500718,-0.001426826,-0.011073892,0.055710173,0.001426826,5.10E-07,-0.017144797,-5.68,-5.630933029,-5.22,-5.170232284,0.049541875,0.000225841,6.36,-0.02454
4-COOHBABr,c1cc(C(=O)O)ccc1(C#C(Br)),Br,H,H,COOH,30,1.995766975,1.7979,4.513,-5.214,1.2119,17.124,3.219,C1,1.8092,0.0113,4.15,-0.363,-3.997,1.2134,0.0015,16.985,-0.139,4.034,2.9229,0.17,-11.239,0.016838232,0.012282544,-0.001425352,-0.010857192,0.054831587,0.001425352,1.88E-06,-0.016838232,-5.4,-5.351196197,-4.95,-4.90126642,0.04820026,0.00053332,6.17,-0.02356
4-FBABr,c1cc(F)ccc1(C#C(Br)),Br,H,H,F,28.1,1.99722211,1.7993,4.502,-3.555,1.2119,17.142,1.562,C1,1.8104,0.0111,4.155,-0.347,-2.21,1.2132,0.0013,17.018,-0.124,2.139,2.9323,0.168,-11.055,0.016521134,0.012055983,-0.001422374,-0.010633609,0.053913424,0.001422374,4.53E-07,-0.016521134,-5.13,-5.084917561,-4.69,-4.644119957,0.0450784,0.000801643,5.98,-0.0226
4-NH2BABr,c1cc(N)ccc1(C#C(Br)),Br,H,H,NH2,23.4,2.00120034,1.8009,4.486,-2.013,1.2126,17.059,-0.134,C1,1.8114,0.0105,4.169,-0.317,-0.789,1.2137,0.0011,16.957,-0.102,0.52,2.9492,0.165,-11.148,0.016,0.0117,-0.00142,-0.0102,0.0523,0.00142,7.36E-07,-0.016,-4.62,-4.576577135,-4.19,-4.1450466,0.043382869,0.001570531,5.65,-0.02089
4-NO2BABr,c1cc(N(=O)=O)ccc1(C#C(Br)),Br,H,H,NO2,33.7,1.992570633,1.7967,4.525,-6.159,1.2118,17.134,4.102,C1,1.8085,0.0118,4.137,-0.388,-4.936,1.2133,0.0015,16.982,-0.152,4.983,2.9103,0.172,-11.293,0.01727177,0.012591323,-0.00142742,-0.011163902,0.05607497,0.00142742,2.19E-06,-0.01727177,-5.79,-5.736512758,-5.33,-5.277671543,0.052194358,0.000134099,6.44,-0.02493
4-OHBABr,c1cc(O)ccc1(C#C(Br)),Br,H,H,OH,25.5,1.999364258,1.8003,4.493,-2.711,1.2122,17.103,0.646,C1,1.811,0.0107,4.163,-0.33,-1.412,1.2134,0.0012,16.99,-0.113,1.236,2.9419,0.167,-11.089,0.0162,0.0118,-0.00142,-0.0104,0.053,0.00142,1.33E-06,-0.0162,-4.84,-4.797503777,-4.4,-4.356211948,0.042541379,0.001246673,5.79,-0.02161
4-OOCMeBABr,c1cc(OC(=O)C)ccc1(C#C(Br)),Br,H,H,OOCMe,26.7,1.998353098,1.7994,4.496,-3.599,1.2119,17.135,1.555,C1,1.8103,0.0109,4.155,-0.341,-2.311,1.2132,0.0013,17.013,-0.122,2.223,2.9357,0.166,-11.208,0.016409214,0.011975137,-0.001420804,-0.010554333,0.053583767,0.001420804,9.93E-07,-0.016409214,-5.02,-4.972833696,-4.58,-4.533372216,0.04557476,0.001053024,5.91,-0.02224
4-SHBABr,c1cc(S)ccc1(C#C(Br)),Br,H,H,SH,27.1,1.998041584,1.7995,4.5,-3.406,1.2122,17.106,1.26,C1,1.8104,0.0109,4.159,-0.341,-2.134,1.2134,0.0012,16.987,-0.119,1.971,2.9352,0.168,-11.258,0.0164,0.012,-0.00142,-0.0106,0.0536,0.00142,4.90E-07,-0.0164,-5.03,-4.989298918,-4.59,-4.546225377,0.042802423,0.0009722,5.92,-0.02228
BABr,c1ccccc1(C#C(Br)),Br,H,H,H,26.7,1.997978918,1.7995,4.499,-3.68,1.212,17.132,1.797,C1,1.8104,0.0109,4.16,-0.339,-2.378,1.2133,0.0013,17.008,-0.124,2.391,2.9365,0.168,-11.027,0.016380691,0.011955566,-0.001421234,-0.010534333,0.053507201,0.001421234,1.12E-06,-0.016380691,-4.99,-4.951137555,-4.55,-4.506338328,0.042637388,0.001024284,5.89,-0.02214
opp_H_2-4-6_OH_3-5_CNBABr,c1(O)c(C#N)c(O)c(C#N)c(O)c1(C#C(Br)),Br,OH,CN,OH,30.6,1.994791743,1.7963,4.531,-5.144,1.2105,17.227,2.628,C1,1.8078,0.0115,4.157,-0.374,-3.823,1.2119,0.0014,17.093,-0.134,3.334,2.9185,0.17,-11.306,0.017,0.0124,-0.00143,-0.011,0.0553,0.00143,6.87E-07,-0.017,-5.49,-5.443088688,-5.04,-4.989145626,0.050282336,0.000572038,6.25,-0.02395
opp_H_2-4-6_OH_3-5_FBABr,c1(O)c(F)c(O)c(F)c(O)c1(C#C(Br)),Br,OH,F,OH,25.2,1.998747522,1.7978,4.518,-4.008,1.2109,17.19,1.643,C1,1.8085,0.0107,4.181,-0.337,-2.786,1.2122,0.0013,17.069,-0.121,2.295,2.9382,0.167,-11.084,0.0163,0.0119,-0.00142,-0.0105,0.0534,0.00142,8.41E-07,-0.0163,-4.89,-4.847456671,-4.45,-4.403780349,0.044804178,0.001415473,5.84,-0.02185
opp_H_2-4-6_SH_3-5_CNBABr,c1(S)c(C#N)c(S)c(C#N)c(S)c1(C#C(Br)),Br,SH,CN,SH,35.4,1.990620222,1.7939,4.552,-6.71,1.2124,17.059,3.937,C1,1.8062,0.0123,4.132,-0.42,-5.312,1.2139,0.0015,16.913,-0.146,4.746,2.8949,0.174,-11.741,0.0178,0.013,-0.00143,-0.0116,0.0577,0.00143,1.04E-06,-0.0178,-6.16,-6.102638823,-5.68,-5.624409624,0.055547141,4.32E-05,6.78,-0.02656
opp_H_2-4-6_SH_3-5_FBABr,c1(S)c(F)c(S)c(F)c(S)c1(C#C(Br)),Br,SH,F,SH,30.4,1.994344059,1.7953,4.54,-5.68,1.2125,17.059,3.053,C1,1.8068,0.0115,4.157,-0.383,-4.386,1.2139,0.0014,16.924,-0.135,3.823,2.9122,0.171,-11.476,0.0172,0.0125,-0.00143,-0.0111,0.0559,0.00143,1.20E-06,-0.0172,-5.61,-5.556272577,-5.14,-5.090403469,0.048970841,0.00062569,6.39,-0.02455
opp_H_2-4-6-OHBABr,c1(O)cc(O)cc(O)c1(C#C(Br)),Br,OH,H,OH,21.2,2.002617983,1.7995,4.5,-2.823,1.2112,17.157,0.585,C1,1.8097,0.0102,4.191,-0.309,-1.638,1.2124,0.0012,17.051,-0.106,1.178,2.9552,0.163,-11.035,0.0158,0.0115,-0.00141,-0.0101,0.0518,0.00141,8.34E-07,-0.0158,-4.41,-4.365595891,-3.98,-3.937459813,0.040339448,0.002200739,5.52,-0.0202
opp_H_2-4-6-SHBABr,c1(S)cc(S)cc(S)c1(C#C(Br)),Br,SH,H,SH,27.6,1.996767709,1.7964,4.529,-4.854,1.2127,17.03,2.295,C1,1.8075,0.0111,4.168,-0.361,-3.58,1.214,0.0013,16.906,-0.124,3.012,2.9232,0.17,-11.424,0.0168,0.0123,-0.00143,-0.0108,0.0548,0.00143,3.76E-07,-0.0168,-5.28,-5.229804484,-4.81,-4.763815991,0.045011257,0.001172753,6.15,-0.02336
opp_H_2-6_3-5_4-OHBABr,c1(O)c(O)c(O)c(O)c(O)c1(C#C(Br)),Br,OH,OH,OH,21.6,2.001802954,1.799,4.506,-3.263,1.2111,17.174,0.99,C1,1.8092,0.0102,4.19,-0.316,-2.084,1.2123,0.0012,17.063,-0.111,1.617,2.9512,0.164,-11.073,0.0159,0.0116,-0.00142,-0.0102,0.0521,0.00142,2.85E-07,-0.0159,-4.5,-4.458934164,-4.06,-4.01670197,0.041133248,0.002164782,5.59,-0.02055
opp_H_2-6_3-5_4-SHBABr,c1(S)c(S)c(S)c(S)c(S)c1(C#C(Br)),Br,SH,SH,SH,28.2,1.996093093,1.7957,4.536,-5.437,1.2124,17.051,2.897,C1,1.8068,0.0111,4.17,-0.366,-4.161,1.2138,0.0014,16.924,-0.127,3.659,2.9206,0.17,-11.606,0.0169,0.0123,-0.00143,-0.0109,0.0551,0.00143,2.54E-06,-0.0169,-5.36,-5.309592317,-4.89,-4.843585946,0.045538365,0.00087569,,-0.02259
opp_H_2-6_3-5-OHBABr,c1(O)c(O)cc(O)c(O)c1(C#C(Br)),Br,OH,OH,H,21.8,2.000988361,1.7981,4.514,-4.303,1.2108,17.207,2.185,C1,1.8084,0.0103,4.193,-0.321,-3.166,1.2121,0.0013,17.085,-0.122,2.856,2.9476,0.165,-11.021,0.016,0.0117,-0.00142,-0.0103,0.0525,0.00142,2.53E-06,-0.016,-4.58,-4.541100258,-4.15,-4.106939294,0.040970095,0.002090611,5.65,-0.02086
opp_H_2-6_3-5-SHBABr,c1(S)c(S)cc(S)c(S)c1(C#C(Br)),Br,SH,SH,H,29.3,1.994868878,1.7955,4.537,-5.756,1.2123,17.071,3.399,C1,1.8068,0.0113,4.165,-0.372,-4.444,1.2137,0.0014,16.937,-0.134,4.086,2.9174,0.17,-11.443,0.017,0.0124,-0.00143,-0.011,0.0554,0.00143,1.12E-06,-0.017,-5.46,-5.411951667,-4.99,-4.943083688,0.046153324,0.000762989,6.27,-0.02397
opp_H_2-6_OH_3-5_CN_4_NO2BABr,c1(O)c(C#N)c(N(=O)=O)c(C#N)c(O)c1(C#C(Br)),Br,OH,CN,NO2,36.8,1.989678167,1.7929,4.559,-8.54,1.2108,17.189,5.95,C1,1.8052,0.0123,4.137,-0.422,-7.472,1.2125,0.0017,17.014,-0.175,7.072,2.8932,0.175,-11.5,0.0179,0.013,-0.00143,-0.0116,0.0578,0.00143,1.67E-06,-0.0179,-6.26,-6.197882215,-5.78,-5.721940939,0.058126205,-6.71E-05,6.79,-0.02672
opp_H_2-6_OH_3-5_F_4_NO2BABr,c1(O)c(F)c(N(=O)=O)c(F)c(O)c1(C#C(Br)),Br,OH,F,NO2,32.5,1.992681049,1.7946,4.546,-7.007,1.2108,17.204,4.592,C1,1.8061,0.0115,4.159,-0.387,-5.894,1.2124,0.0016,17.047,-0.157,5.538,2.9106,0.172,-11.268,0.0173,0.0126,-0.00143,-0.0112,0.0561,0.00143,1.28E-06,-0.0173,-5.73,-5.670918562,-5.26,-5.20545631,0.054197995,0.000345695,6.41,-0.02474
opp_H_2-6_OH_3-5_NO2_4_CNBABr,c1(O)c(N(=O)=O)c(C#N)c(N(=O)=O)c(O)c1(C#C(Br)),Br,OH,NO2,CN,36,1.990476152,1.7932,4.558,-8.344,1.2107,17.189,5.726,C1,1.8053,0.0121,4.142,-0.416,-7.236,1.2124,0.0017,17.019,-0.17,6.805,2.8964,0.174,-11.536,0.0178,0.0129,-0.00143,-0.0115,0.0575,0.00143,2.61E-06,-0.0178,-6.16,-6.10177286,-5.69,-5.632729404,0.057279067,-8.47E-06,6.72,-0.02635
opp_H_2-6_OH_3-5_NO2_4_FBABr,c1(O)c(N(=O)=O)c(F)c(N(=O)=O)c(O)c1(C#C(Br)),Br,OH,NO2,F,32.4,1.992853886,1.7952,4.542,-6.053,1.2103,17.249,3.581,C1,1.8069,0.0117,4.152,-0.39,-4.728,1.2118,0.0015,17.103,-0.146,4.312,2.9107,0.171,-11.314,0.0172,0.0126,-0.00143,-0.0112,0.056,0.00143,2.90E-06,-0.0172,-5.73,-5.670523231,-5.26,-5.205428323,0.054235646,0.000336031,6.42,-0.02477
opp_H_2-6_OH_4_NH2_3-5_CNBABr,c1(O)c(C#N)c(N)c(C#N)c(O)c1(C#C(Br)),Br,OH,CN,NH2,27.9,1.997029434,1.7973,4.522,-4.25,1.2107,17.2,1.671,C1,1.8084,0.0111,4.167,-0.355,-2.969,1.212,0.0013,17.077,-0.123,2.38,2.9284,0.169,-11.333,0.0166,0.0122,-0.00142,-0.0107,0.0543,0.00142,3.72E-06,-0.0166,-5.19,-5.144682821,-4.74,-4.691846615,0.047264016,0.000889369,6.05,-0.0229
opp_H_2-6_OH_4_NH2_3-5_FBABr,c1(O)c(F)c(N)c(F)c(O)c1(C#C(Br)),Br,OH,F,NH2,23.1,2.000501559,1.7985,4.511,-3.373,1.2112,17.157,0.945,C1,1.8089,0.0104,4.187,-0.324,-2.215,1.2124,0.0012,17.046,-0.111,1.645,2.9455,0.166,-11.136,0.0161,0.0117,-0.00142,-0.0103,0.0527,0.00142,1.61E-06,-0.0161,-4.67,-4.624013088,-4.23,-4.1830461,0.045180684,0.001773216,5.7,-0.02111
opp_H_2-6_opp_H_3-5_4-OHBABr,c1(O)c(O)c(O)c(O)c(O)c1(C#C(Br)),Br,OH,OH,OH,21.6,2.001714208,1.799,4.506,-3.263,1.2111,17.174,0.99,C1,1.8092,0.0102,4.19,-0.316,-2.084,1.2123,0.0012,17.063,-0.111,1.617,2.9512,0.164,-11.073,0.0159,0.0116,-0.00142,-0.0102,0.0521,0.00142,1.51E-06,-0.0159,-4.5,-4.458934164,-4.06,-4.016702158,0.041133248,0.002164594,5.59,-0.02055
opp_H_2-6_opp_H_3-5_4-SHBABr,c1(S)c(S)c(S)c(S)c(S)c1(C#C(Br)),Br,SH,SH,SH,28.4,1.995582596,1.7957,4.535,-5.417,1.2124,17.051,2.877,C1,1.8069,0.0112,4.17,-0.365,-4.14,1.2138,0.0014,16.923,-0.128,3.638,2.9205,0.17,-11.605,0.0169,0.0123,-0.00143,-0.0109,0.0551,0.00143,2.76E-06,-0.0169,-5.36,-5.31475672,-4.9,-4.853538569,0.045676417,0.000785014,,-0.0226
opp_H_2-6_opp_H_3-5-OHBABr,c1(O)c(O)cc(O)c(O)c1(C#C(Br)),Br,OH,OH,H,21.8,2.001148021,1.7981,4.514,-4.303,1.2108,17.207,2.185,C1,1.8084,0.0103,4.193,-0.321,-3.166,1.2121,0.0013,17.085,-0.122,2.856,2.9476,0.165,-11.021,0.016,0.0117,-0.00142,-0.0103,0.0525,0.00142,1.62E-06,-0.016,-4.58,-4.541100258,-4.15,-4.106939671,0.040970095,0.002090234,5.65,-0.02086
opp_H_2-6_opp_H_3-5-SHBABr,c1(S)c(S)cc(S)c(S)c1(C#C(Br)),Br,SH,SH,H,28.3,1.995139304,1.7954,4.538,-5.952,1.212,17.097,3.65,C1,1.8066,0.0112,4.17,-0.368,-4.676,1.2135,0.0015,16.958,-0.139,4.358,2.9193,0.17,-11.438,0.0169,0.0124,-0.00143,-0.0109,0.0552,0.00143,6.30E-07,-0.0169,-5.39,-5.341350573,-4.92,-4.869819383,0.049221845,0.000958772,6.22,-0.02374
opp_H_2-6_SH_3-5_CN_4_NO2BABr,c1(S)c(C#N)c(N(=O)=O)c(C#N)c(S)c1(C#C(Br)),Br,SH,CN,NO2,40.6,1.98693139,1.7917,4.571,-8.548,1.2124,17.057,5.81,C1,1.8047,0.013,4.11,-0.461,-7.169,1.2142,0.0018,16.883,-0.174,6.732,2.8752,0.182,-11.79,0.0185,0.0135,-0.00143,-0.0121,0.0597,0.00143,7.35E-07,-0.0185,-6.78,-6.716223887,-6.29,-6.225666659,0.064602103,-0.000268762,7.24,-0.02891
opp_H_2-6_SH_3-5_F_4_NO2BABr,c1(S)c(F)c(N(=O)=O)c(F)c(S)c1(C#C(Br)),Br,SH,F,NO2,36.3,1.989004478,1.793,4.559,-7.535,1.2124,17.077,4.951,C1,1.8054,0.0124,4.133,-0.426,-6.234,1.214,0.0016,16.915,-0.162,5.814,2.8908,0.175,-11.516,0.018,0.0131,-0.00143,-0.0117,0.0581,0.00143,4.52E-07,-0.018,-6.27,-6.212459261,-5.79,-5.730639547,0.059343573,1.69E-05,6.86,-0.02698
opp_H_2-6_SH_3-5_NO2_4_CNBABr,c1(S)c(N(=O)=O)c(C#N)c(N(=O)=O)c(S)c1(C#C(Br)),Br,SH,NO2,CN,40.9,1.986054301,1.791,4.577,-9.024,1.2124,17.044,6.3,C1,1.804,0.013,4.115,-0.462,-7.685,1.2143,0.0019,16.864,-0.18,7.281,2.8742,0.182,-11.832,0.0186,0.0135,-0.00143,-0.0121,0.0598,0.00143,9.69E-07,-0.0186,-6.81,-6.749557192,-6.32,-6.254677014,0.065599843,-0.000276857,7.25,-0.02901
opp_H_2-6_SH_3-5_NO2_4_FBABr,c1(S)c(N(=O)=O)c(F)c(N(=O)=O)c(S)c1(C#C(Br)),Br,SH,NO2,F,37.3,1.988540138,1.793,4.561,-7.089,1.2121,17.093,4.501,C1,1.8056,0.0126,4.127,-0.434,-5.627,1.2137,0.0016,16.936,-0.157,5.217,2.8882,0.176,-11.597,0.0181,0.0132,-0.00143,-0.0117,0.0583,0.00143,4.10E-07,-0.0181,-6.37,-6.31346319,-5.89,-5.829444517,0.060642518,-8.70E-05,6.93,-0.02733
opp_H_2-6_SH_4_NH2_3-5_CNBABr,c1(S)c(C#N)c(N)c(C#N)c(S)c1(C#C(Br)),Br,SH,CN,NH2,27.3,1.996152873,1.7966,4.528,-4.434,1.2128,17.028,1.826,C1,1.8077,0.0111,4.168,-0.36,-3.178,1.2141,0.0013,16.909,-0.119,2.538,2.9242,0.169,-11.353,0.0168,0.0123,-0.00143,-0.0108,0.0547,0.00143,1.57E-06,-0.0168,-5.24,-5.193841915,-4.79,-4.739651838,0.049290871,0.001057291,6.13,-0.02326
opp_H_2-6_SH_4_NH2_3-5_FBABr,c1(S)c(F)c(N)c(F)c(S)c1(C#C(Br)),Br,SH,F,NH2,32.2,1.993451299,1.7954,4.539,-5.295,1.2125,17.04,2.523,C1,1.8072,0.0118,4.145,-0.394,-3.895,1.2139,0.0014,16.911,-0.129,3.232,2.9076,0.172,-11.619,0.0174,0.0127,-0.00143,-0.0112,0.0564,0.00143,3.53E-06,-0.0174,-5.77,-5.719268169,-5.3,-5.247583441,0.052077013,0.000339545,6.5,-0.02513
opp_H_2-6-OHBABr,c1(O)cccc(O)c1(C#C(Br)),Br,OH,H,H,22.3,2.001064663,1.7988,4.507,-3.733,1.211,17.183,1.636,C1,1.809,0.0102,4.19,-0.317,-2.558,1.2122,0.0012,17.066,-0.117,2.25,2.95,0.165,-10.98,0.0159,0.0116,-0.00142,-0.0102,0.0523,0.00142,1.07E-06,-0.0159,-4.55,-4.509824557,-4.11,-4.067989682,0.040080287,0.001930031,5.61,-0.02068
opp_H_2-6-SHBABr,c1(S)cccc(S)c1(C#C(Br)),Br,SH,H,H,27.3,1.996480739,1.7963,4.53,-5.098,1.2125,17.058,2.764,C1,1.8074,0.0111,4.169,-0.361,-3.803,1.2139,0.0014,16.93,-0.128,3.384,2.9237,0.17,-11.202,0.0168,0.0123,-0.00143,-0.0108,0.0548,0.00143,4.63E-07,-0.0168,-5.26,-5.210841147,-4.8,-4.753865,0.045067732,0.001067268,6.14,-0.0233
opp_H_3-4-5-OHBABr,c1c(O)c(O)c(O)cc1(C#C(Br)),Br,H,OH,OH,26,1.999226248,1.7999,4.494,-3.037,1.2119,17.125,0.993,C1,1.8107,0.0108,4.161,-0.333,-1.747,1.2131,0.0012,17.008,-0.117,1.612,2.9394,0.167,-11.126,0.0163,0.0119,-0.00142,-0.0105,0.0532,0.00142,5.65E-07,-0.0163,-4.91,-4.867507482,-4.48,-4.434213518,0.044675539,0.001110943,5.84,-0.02187
opp_H_3-4-5-SHBABr,c1c(S)c(S)c(S)cc1(C#C(Br)),Br,H,SH,SH,29,1.995956113,1.7984,4.51,-4.439,1.2117,17.14,2.248,C1,1.8096,0.0112,4.152,-0.358,-3.168,1.2131,0.0014,17.01,-0.13,3.048,2.9253,0.169,-11.418,0.0168,0.0122,-0.00142,-0.0108,0.0546,0.00142,7.02E-07,-0.0168,-5.31,-5.258500494,-4.86,-4.81290673,0.04624745,0.00084582,6.12,-0.02329
opp_H_3-5-OHBABr,c1c(O)cc(O)cc1(C#C(Br)),Br,H,OH,H,26.1,1.998554305,1.7991,4.504,-4.182,1.2115,17.17,2.334,C1,1.8099,0.0108,4.163,-0.341,-2.91,1.2128,0.0013,17.041,-0.129,2.972,2.9352,0.168,-11.069,0.0164,0.012,-0.00142,-0.0106,0.0536,0.00142,2.18E-06,-0.0164,-5,-4.958747991,-4.57,-4.524091342,0.044767783,0.001140875,5.91,-0.02224
opp_H_3-5-SHBABr,c1c(S)cc(S)cc1(C#C(Br)),Br,H,SH,H,28.6,1.996115341,1.7984,4.51,-4.673,1.2116,17.164,2.706,C1,1.8095,0.0111,4.154,-0.356,-3.374,1.2129,0.0013,17.031,-0.133,3.414,2.9263,0.169,-11.259,0.0167,0.0122,-0.00143,-0.0108,0.0545,0.00143,1.95E-07,-0.0167,-5.28,-5.229584856,-4.82,-4.773121275,0.046121948,0.000756776,6.1,-0.02317