Donor,molecule,interacting halogen,ortho,meta,para,V$_{S}$$_{max}$,V$_{max}$(r),R$^{donor}_{C-X}$,k$^{a}$$^{donor}$$_{C-X}$,$\mu^{donor}_{C-X}$,Complex Symmetry,R$^{complex}_{C-X}$,$\Delta$R$_{C-X}$,k$^{a}$$^{complex}$$_{C-X}$,$\Delta$k$^{a}_{C-X}$,$\mu^{complex}_{C-X}$,R$^{complex}_{C\equiv C}$,R$_{X\cdots N}$,k$^{a}_{X\cdots N}$,$\mu_{X\cdots N}$,$\rho^{BCP}$,G(r)$^{BCP}$,K(r)$^{BCP}$,V(r)$^{BCP}$,$\nabla^{2} \rho^{BCP}$,H(r)$^{BCP}$,RDG,sign$\lambda_{2}* \rho$,E$_{int}$,E$_{bind}$,E$^{CP}_{int}$,E$^{CP}_{bind}$,E$^{donor}_{def}$,E$^{NH_3}_{def}$,E(2),$\Delta \rho$
2-3-4-5-6-BH2BCl,c1(B)c(B)c(B)c(B)c(B)c1(Cl),Cl,BH2,BH2,BH2,8.7,1.961807666,1.7424,3.5,-11.097,C1,1.7368,-0.0056,3.577,0.077,-10.785,,3.1056,0.094,-4.965,0.0105,0.00739,-0.00128,-0.00611,0.0347,0.00128,3.89E-06,-0.0105,-1.64,-1.606008218,-1.31,-1.280550038,0.02904365,0.000406312,1.83,-0.00709
2-3-4-5-6-ClBCl,c1(Cl)c(Cl)c(Cl)c(Cl)c(Cl)c1(Cl),Cl,Cl,Cl,Cl,16,1.937248884,1.7243,4.001,-6.85,C1,1.7239,-0.0004,3.994,-0.007,-5.79,NAN,3.0143,0.101,-6.735,0.0123,0.00888,-0.00152,-0.00736,0.0416,0.00152,2.50E-06,-0.0123,-2.6,-2.583678499,-2.25,-2.232284968,0.017494965,0.000220068,1160.94,-0.01015
2-3-4-5-6-CNBCl,c1(C#N)c(C#N)c(C#N)c(C#N)c(C#N)c1(Cl),Cl,CN,CN,CN,33.7,1.918602769,1.7128,4.234,-8.867,C1,1.7131,0.0003,4.152,-0.082,-7.459,NAN,2.9074,0.155,-7.287,0.0152,0.0111,-0.00181,-0.0093,0.0517,0.00181,7.49E-07,-0.0152,-5.01,-4.986355899,-4.61,-4.586544762,0.023701034,-0.000245795,3.73,-0.01685
2-3-4-5-6-FBCl,c1(F)c(F)c(F)c(F)c(F)c1(Cl),Cl,F,F,F,18.2,1.935858164,1.7208,4.222,-6.394,C1,1.7222,0.0014,4.149,-0.073,-5.08,NAN,2.998,0.109,-6.976,0.0127,0.00918,-0.00155,-0.00763,0.043,0.00155,5.62E-07,-0.0127,-2.85,-2.829743799,-2.52,-2.50123345,0.018775084,-8.53E-06,2.72,-0.01116
2-3-4-5-6-NH2BCl,c1(N)c(N)c(N)c(N)c(N)c1(Cl),Cl,NH2,NH2,NH2,5.3,1.970650733,1.7581,3.463,-6.41,C1,1.7568,-0.0013,3.492,0.029,-6.157,,3.1729,0.054,-4.515,0.00825,0.0059,-0.000999,-0.0049,0.0276,0.000999,2.78E-06,-0.00825,-1.33,-1.303374882,-1.04,-1.018318355,0.018976515,0.002705131,160.57,-0.00124
2-3-4-5-6-OHBCl,c1(O)c(O)c(O)c(O)c(O)c1(Cl),Cl,OH,OH,OH,18.4,1.958470524,1.7499,3.668,-5.265,Cs,1.7485,-0.0014,3.71,0.042,-4.325,,3.0941,0.088,-6.453,0.0107,0.00758,-0.0013,-0.00628,0.0355,0.0013,1.50E-06,-0.0107,-2.38,-2.356702038,-2.1,-2.074786606,0.025633763,-0.000420369,1.93,-0.00758
2-3-4-5-6-SHBCl,c1(S)c(S)c(S)c(S)c(S)c1(Cl),Cl,SH,SH,SH,17.6,1.956330219,1.7496,3.509,-5.787,C1,1.747,-0.0026,3.566,0.057,-4.878,,3.0788,0.092,-6.469,0.011,0.00783,-0.00133,-0.00649,0.0367,0.00133,1.66E-06,-0.011,-2.49,-2.329204571,-2.17,-2.012344199,0.157686862,-3.11E-05,468.51,-0.00718
2-3-5-6-BH2BCl,c1(B)c(B)cc(B)c(B)c1(Cl),Cl,BH2,BH2,H,9.1,1.966981401,1.7676,3.277,-8.918,Cs,1.7631,-0.0045,3.388,0.111,-8.147,,3.1195,0.073,-5.563,0.0102,0.00717,-0.00124,-0.00593,0.0337,0.00124,7.48E-07,-0.0102,-1.65,-1.625718104,-1.36,-1.331908219,0.028269931,-0.00017815,1.66,-0.00712
2-3-5-6-ClBCl,c1(Cl)c(Cl)cc(Cl)c(Cl)c1(Cl),Cl,Cl,Cl,H,14.6,1.938990897,1.7254,3.997,-6.883,C1,1.7249,-0.0005,3.982,-0.015,-5.862,NAN,3.0221,0.098,-6.651,0.0121,0.00874,-0.0015,-0.00724,0.0409,0.0015,2.46E-06,-0.0121,-2.44,-2.418480348,-2.12,-2.102961674,0.016635277,0.000403049,2.46,-0.0099
2-3-5-6-CN-4-CF3BCl,c1(C#N)c(C#N)c(C(F)(F)F)c(C#N)c(C#N)c1(Cl),Cl,CN,CN,CF3,31.5,1.919636309,1.7136,4.218,-8.497,C1,1.7139,0.0003,4.144,-0.074,-7.102,NAN,2.9131,0.152,-7.327,0.015,0.011,-0.0018,-0.00918,0.0511,0.0018,9.85E-07,-0.015,-4.8,-4.784291565,-4.41,-4.392447053,0.017752244,-0.000199297,3.65,-0.01628
2-3-5-6-CN-4-NO2BCl,c1(C#N)c(C#N)c(N(=O)=O)c(C#N)c(C#N)c1(Cl),Cl,CN,CN,NO2,34,1.917480964,1.7124,4.243,-8.648,C1,1.713,0.0006,4.157,-0.086,-7.21,NAN,2.9042,0.156,-7.388,0.0153,0.0112,-0.00182,-0.00936,0.052,0.00182,1.32E-06,-0.0153,-5.06,-5.043904795,-4.66,-4.640051473,0.020080304,-0.000131777,3.78,-0.01697
2-3-5-6-CNBCl,c1(C#N)c(C#N)cc(C#N)c(C#N)c1(Cl),Cl,CN,CN,H,28.2,1.9225332,1.7169,4.184,-8.071,C1,1.717,0.0001,4.119,-0.065,-6.746,NAN,2.9281,0.145,-7.246,0.0146,0.0106,-0.00176,-0.00888,0.0496,0.00176,2.80E-06,-0.0146,-4.4,-4.386180712,-4.02,-4.00238631,0.017940496,-0.000326807,3.45,-0.01517
2-3-5-6-F-4-CF3BCl,c1(F)c(F)c(C(F)(F)F)c(F)c(F)c1(Cl),Cl,F,F,CF3,21.5,1.93243026,1.7171,4.25,-7.629,C1,1.7183,0.0012,4.174,-0.076,-6.335,NAN,2.9839,0.116,-6.86,0.013,0.00946,-0.00159,-0.00787,0.0442,0.00159,1.94E-06,-0.013,-3.2,-3.173361726,-2.86,-2.838147421,0.022138535,-0.000285956,2.85,-0.01187
2-3-5-6-F-4-NO2BCl,c1(F)c(F)c(N(=O)=O)c(F)c(F)c1(Cl),Cl,F,F,NO2,24.2,1.930330868,1.716,4.267,-7.856,C1,1.7174,0.0014,4.178,-0.089,-6.525,NAN,2.971,0.122,-6.925,0.0134,0.00972,-0.00163,-0.00809,0.0454,0.00163,4.12E-07,-0.0134,-3.48,-3.459518608,-3.14,-3.119108954,0.021278847,-0.000387801,3,-0.01261
2-3-5-6-FBCl,c1(F)c(F)cc(F)c(F)c1(Cl),Cl,F,F,H,16.2,1.937066986,1.7207,4.207,-6.996,C1,1.7217,0.001,4.147,-0.06,-5.808,NAN,3.0091,0.104,-6.739,0.0124,0.00897,-0.00153,-0.00745,0.042,0.00153,1.80E-06,-0.0124,-2.65,-2.630101652,-2.33,-2.312354433,0.017444764,0.000200803,2.6,-0.01054
2-3-5-6-NH2BCl,c1(N)c(N)cc(N)c(N)c1(Cl),Cl,NH2,NH2,H,5.5,1.969136723,1.7558,3.482,-7.314,C1,1.7542,-0.0016,3.525,0.043,-7.082,,3.1599,0.06,-4.506,0.00845,0.00606,-0.00104,-0.00503,0.0284,0.00104,9.23E-07,-0.00845,-1.45,-1.43088042,-1.17,-1.154438329,0.011201672,0.004359999,0.55,-0.00213
2-3-5-6-OHBCl,c1(O)c(O)cc(O)c(O)c1(Cl),Cl,OH,OH,H,19.5,1.957524662,1.7504,3.628,-6.348,Cs,1.7485,-0.0019,3.679,0.051,-5.423,,3.0897,0.09,-6.326,0.0108,0.00765,-0.00131,-0.00633,0.0358,0.00131,1.23E-06,-0.0108,-2.49,-2.469337483,-2.21,-2.184932815,0.025198899,-0.000131714,1.95,-0.00777
2-3-5-6-SHBCl,c1(S)c(S)cc(S)c(S)c1(Cl),Cl,SH,SH,H,17.2,1.956516975,1.7495,3.494,-6.298,C1,1.7467,-0.0028,3.558,0.064,-5.461,,3.0801,0.091,-6.385,0.011,0.00779,-0.00133,-0.00646,0.0364,0.00133,5.42E-07,-0.011,-2.48,-2.454800598,-2.17,-2.148745312,0.021623977,-0.000369289,1.92,-0.00777
2-4-6_BH2_3-5_CNBCl,c1(B)c(C#N)c(B)c(C#N)c(B)c1(Cl),Cl,BH2,CN,BH2,21.6,1.950004002,1.7499,3.492,-10.13,C1,1.7462,-0.0037,3.568,0.076,-9.394,,3.0376,0.098,-5.783,0.0119,0.0085,-0.00145,-0.00706,0.0398,0.00145,3.98E-06,-0.0119,-2.98,-2.946881625,-2.65,-2.615720286,0.034751476,-0.000471762,2.35,-0.00999
2-4-6_BH2_3-5_FBCl,c1(B)c(F)c(B)c(F)c(B)c1(Cl),Cl,BH2,F,BH2,12.4,1.954282285,1.7377,3.621,-10.398,C1,1.7334,-0.0043,3.683,0.062,-10.025,,3.0741,0.091,-5.19,0.0111,0.00788,-0.00136,-0.00652,0.0369,0.00136,1.96E-07,-0.0111,-2.07,-2.044984811,-1.73,-1.707207286,0.022706431,8.63E-05,2.04,-0.00792
2-4-6_BH2_3-5_NO2BCl,c1(B)c(N(=O)=O)c(B)c(N(=O)=O)c(B)c1(Cl),Cl,BH2,NO2,BH2,9.9,1.950693467,1.7354,3.852,-10.468,C1,1.7388,0.0034,3.812,-0.04,-8.849,,3.0509,0.093,-5.986,0.0114,0.00815,-0.00138,-0.00677,0.0381,0.00138,1.39E-06,-0.0114,-2.43,-2.43707973,-2.11,-2.120674752,-0.010485684,-0.000189069,2.03,-0.00845
2-4-6_NH2_3-5_CNBCl,c1(N)c(C#N)c(N)c(C#N)c(N)c1(Cl),Cl,NH2,CN,NH2,17.1,1.958485133,1.7487,3.677,-5.316,Cs,1.7472,-0.0015,3.723,0.046,-4.392,,3.1109,0.078,-6.489,0.0104,0.00733,-0.00126,-0.00607,0.0343,0.00126,8.51E-07,-0.0104,-2.12,-2.105133479,-1.84,-1.821738658,0.018674683,-0.000413341,1.77,-0.00705
2-4-6_NH2_3-5_FBCl,c1(N)c(F)c(N)c(F)c(N)c1(Cl),Cl,NH2,F,NH2,8.7,1.962609627,1.7479,3.679,-5.488,Cs,1.7466,-0.0013,3.713,0.034,-5.125,,3.1269,0.067,-4.988,0.00905,0.0065,-0.00109,-0.00542,0.0304,0.00109,1.52E-06,-0.00905,-1.68,-1.6623063,-1.38,-1.366767519,0.010171929,0.003060552,0.74,-0.00288
2-4-6_NH2_3-5_NO2BCl,c1(N)c(N(=O)=O)c(N)c(N(=O)=O)c(N)c1(Cl),Cl,NH2,NO2,NH2,20.2,1.955247573,1.7523,3.58,-4.942,Cs,1.7514,-0.0009,3.613,0.033,-3.958,,3.0926,0.088,-6.714,0.0108,0.00761,-0.00131,-0.0063,0.0357,0.00131,9.34E-07,-0.0108,-2.5,-2.484224518,-2.19,-2.169626273,0.020463085,-8.94E-05,,-0.00577
2-4-6_OH_3-5_CNBCl,c1(O)c(C#N)c(O)c(C#N)c(O)c1(Cl),Cl,OH,CN,OH,30.7,1.945396596,1.7448,3.777,-5.542,C1,1.7442,-0.0006,3.79,0.013,-4.222,,3.0246,0.105,-7.097,0.0122,0.00875,-0.00147,-0.00728,0.0409,0.00147,3.56E-06,-0.0122,-3.74,-3.708483003,-3.42,-3.390617683,0.027999474,0.001382843,2.47,-0.01045
2-4-6_OH_3-5_FBCl,c1(O)c(F)c(O)c(F)c(O)c1(Cl),Cl,OH,F,OH,21.8,1.952274483,1.7474,3.722,-5.14,C1,1.7464,-0.001,3.747,0.025,-4.105,,3.066,0.096,-6.651,0.0113,0.00803,-0.00138,-0.00665,0.0376,0.00138,1.79E-06,-0.0113,-2.83,-2.806638899,-2.54,-2.514238476,0.025652588,0.000108936,2.13,-0.00857
2-4-6_SH_3-5_CNBCl,c1(S)c(C#N)c(S)c(C#N)c(S)c1(Cl),Cl,SH,CN,SH,26.7,1.947156121,1.7428,3.661,-5.886,C1,1.741,-0.0018,3.704,0.043,-4.909,,3.0365,0.1,-6.825,0.012,0.00855,-0.00144,-0.0071,0.04,0.00144,1.90E-06,-0.012,-3.39,-3.363465729,-3.05,-3.022892405,0.026330299,0.000777296,0.26,-0.00954
2-4-6_SH_3-5_FBCl,c1(S)c(F)c(S)c(F)c(S)c1(Cl),Cl,SH,F,SH,19.3,1.951759783,1.7423,3.684,-5.715,C1,1.7402,-0.0021,3.724,0.04,-4.937,,3.0656,0.095,-6.485,0.0113,0.00804,-0.00137,-0.00667,0.0376,0.00137,1.24E-06,-0.0113,-2.67,-2.652986923,-2.36,-2.339409845,0.020870966,-0.000280811,2.09,-0.00858
2-4-6-BH2BCl,c1(B)cc(B)cc(B)c1(Cl),Cl,BH2,H,BH2,7.6,1.961979884,1.744,3.502,-10.675,Cs,1.739,-0.005,3.585,0.083,-10.386,,3.11,0.076,-4.833,0.0104,0.00732,-0.00127,-0.00605,0.0343,0.00127,3.47E-07,-0.0104,-1.55,-1.529100466,-1.23,-1.207792564,0.021999228,0.000208208,1.8,-0.00672
2-4-6-ClBCl,c1(Cl)cc(Cl)cc(Cl)c1(Cl),Cl,Cl,H,Cl,12.5,1.94148439,1.7249,4.035,-6.554,C1,1.7244,-0.0005,4.026,-0.009,-5.685,NAN,3.0397,0.093,-6.448,0.0117,0.00842,-0.00146,-0.00697,0.0395,0.00146,3.13E-06,-0.0117,-2.17,-2.151092275,-1.86,-1.842896099,0.016534875,0.000569026,2.33,-0.00904
2-4-6-CN-3-5-CF3BCl,c1(C#N)c(C(F)(F)F)c(C#N)c(C(F)(F)F)c(C#N)c1(Cl),Cl,CN,CF3,CN,29.3,1.920807554,1.7135,4.209,-8.476,C1,1.7135,0,4.144,-0.065,-7.21,NAN,2.9188,0.15,-7.072,0.0148,0.0109,-0.00178,-0.00907,0.0505,0.00178,8.44E-07,-0.0148,-4.59,-4.567995315,-4.19,-4.168709858,0.021592602,-0.00030246,3.54,-0.01573
2-4-6-CN-3-5-NO2BCl,c1(C#N)c(N(=O)=O)c(C#N)c(N(=O)=O)c(C#N)c1(Cl),Cl,CN,NO2,CN,34.7,1.916209191,1.7105,4.272,-8.751,C1,1.7111,0.0006,4.175,-0.097,-7.297,NAN,2.8978,0.158,-7.294,0.0155,0.0113,-0.00185,-0.00949,0.0527,0.00185,2.35E-06,-0.0155,-5.2,-5.175267634,-4.79,-4.769677414,0.02045681,-0.000134224,3.86,-0.01737
2-4-6-CNBCl,c1(C#N)cc(C#N)cc(C#N)c1(Cl),Cl,CN,H,CN,23.6,1.927652214,1.7177,4.148,-8.314,C1,1.717,-0.0007,4.117,-0.031,-7.298,NAN,2.9545,0.132,-6.599,0.0138,0.0101,-0.00168,-0.00839,0.047,0.00168,5.77E-07,-0.0138,-3.82,-3.806938616,-3.46,-3.443888317,0.01634725,-0.000235567,3.15,-0.01325
2-4-6-F-3-5-CF3BCl,c1(F)c(C(F)(F)F)c(F)c(C(F)(F)F)c(F)c1(Cl),Cl,F,CF3,F,21.7,1.931400249,1.718,4.269,-6.544,C1,1.7196,0.0016,4.186,-0.083,-5.117,NAN,2.9808,0.117,-7.161,0.0131,0.00952,-0.0016,-0.00792,0.0445,0.0016,2.17E-06,-0.0131,-3.24,-3.21524171,-2.9,-2.876897108,0.023337078,-0.000234187,2.87,-0.01215
2-4-6-F-3-5-NO2BCl,c1(F)c(N(=O)=O)c(F)c(N(=O)=O)c(F)c1(Cl),Cl,F,NO2,F,26.9,1.926822733,1.7166,4.294,-6.784,C1,1.7189,0.0023,4.182,-0.112,-5.117,NAN,2.9535,0.129,-7.458,0.0138,0.0101,-0.00168,-0.0084,0.047,0.00168,6.48E-07,-0.0138,-3.83,-3.804266053,-3.47,-3.448781896,0.021649078,-0.000430974,3.19,-0.01385
2-4-6-FBCl,c1(F)cc(F)cc(F)c1(Cl),Cl,F,H,F,12.2,1.941666658,1.7236,4.172,-6.236,C1,1.7244,0.0008,4.131,-0.041,-5.15,NAN,3.0385,0.093,-6.602,0.0117,0.00844,-0.00145,-0.00699,0.0396,0.00145,4.42E-06,-0.0117,-2.15,-2.130546359,-1.85,-1.833009992,0.016340347,0.000649661,2.36,-0.00928
2-4-6-NH2BCl,c1(N)cc(N)cc(N)c1(Cl),Cl,NH2,H,NH2,3.5,1.971764491,1.7554,3.504,-5.606,Cs,1.7543,-0.0011,3.516,0.012,-5.474,,3.1979,0.018,-4.278,0.0078,0.00576,-0.00115,-0.00461,0.0276,0.00115,3.27E-06,-0.0078,-1.49,-1.477373854,-1.24,-1.223016455,0.010282371,0.006701174,0.29,-0.00081
2-4-6-OHBCl,c1(O)cc(O)cc(O)c1(Cl),Cl,OH,H,OH,15.9,1.960858942,1.7527,3.593,-5.241,Cs,1.751,-0.0017,3.646,0.053,-4.342,,3.1039,0.083,-6.303,0.0105,0.00742,-0.00128,-0.00614,0.0348,0.00128,1.91E-06,-0.0105,-2.21,-2.186176331,-1.93,-1.907529575,0.023036501,-0.000566076,1.86,-0.00716
2-4-6-SHBCl,c1(S)cc(S)cc(S)c1(Cl),Cl,SH,H,SH,14.8,1.958356137,1.7473,3.571,-5.628,C1,1.7446,-0.0027,3.634,0.063,-4.921,,3.0951,0.086,-6.257,0.0107,0.00757,-0.0013,-0.00627,0.0355,0.0013,1.86E-06,-0.0107,-2.21,-2.184325178,-1.9,-1.878831908,0.021385524,-0.000217432,1.86,-0.00721
2-6_NH2_3-4-5_CNBCl,c1(N)c(C#N)c(C#N)c(C#N)c(N)c1(Cl),Cl,NH2,CN,CN,27.3,1.950415825,1.7428,3.743,-6.958,Cs,1.7411,-0.0017,3.778,0.035,-5.979,,3.0614,0.097,-6.494,0.0114,0.00811,-0.00138,-0.00674,0.038,0.00138,7.19E-07,-0.0114,-3.11,-3.086319884,-2.8,-2.778894346,0.020199531,0.000906124,1.54,-0.00813
2-6_NH2_3-4-5_FBCl,c1(N)c(F)c(F)c(F)c(N)c1(Cl),Cl,NH2,F,F,14.2,1.958715195,1.7458,3.712,-6.062,Cs,1.7443,-0.0015,3.749,0.037,-5.404,,3.1028,0.077,-5.875,0.0101,0.00716,-0.00118,-0.00598,0.0334,0.00118,3.47E-07,-0.0101,-1.98,-1.96480353,-1.71,-1.690256857,0.018599382,0.001143762,1.44,-0.00561
2-6_NH2_3-5_CN_4_NO2BCl,c1(N)c(C#N)c(N(=O)=O)c(C#N)c(N)c1(Cl),Cl,NH2,CN,NO2,27.6,1.949611894,1.7423,3.753,-6.959,C1,1.7406,-0.0017,3.787,0.034,-5.987,,3.0574,0.097,-6.532,0.0115,0.00818,-0.00139,-0.00679,0.0383,0.00139,2.58E-07,-0.0115,-3.17,-3.14553168,-2.86,-2.837821116,0.021228646,0.000950238,2.16,-0.00901
2-6_NH2_3-5_F_4_NO2BCl,c1(N)c(F)c(N(=O)=O)c(F)c(N)c1(Cl),Cl,NH2,F,NO2,20.1,1.953224583,1.7415,3.755,-7.148,C1,1.7398,-0.0017,3.788,0.033,-6.383,,3.0788,0.091,-6.174,0.011,0.00777,-0.00133,-0.00645,0.0364,0.00133,2.90E-06,-0.011,-2.52,-2.497596746,-2.24,-2.215191726,0.024899577,-9.13E-05,1.95,-0.00783
2-6_NH2_3-5_NO2_4_CNBCl,c1(N)c(N(=O)=O)c(C#N)c(N(=O)=O)c(N)c1(Cl),Cl,NH2,NO2,CN,28.7,1.948037341,1.7438,3.707,-6.78,C1,1.7422,-0.0016,3.737,0.03,-5.774,,3.0508,0.098,-6.628,0.0116,0.00829,-0.00141,-0.00688,0.0388,0.00141,2.51E-07,-0.0116,-3.31,-3.289049378,-2.99,-2.96653629,0.022395814,0.001067896,13.94,-0.00849
2-6_NH2_3-5_NO2_4_FBCl,c1(N)c(N(=O)=O)c(F)c(N(=O)=O)c(N)c1(Cl),Cl,NH2,NO2,F,24.6,1.951023768,1.7474,3.677,-5.806,C1,1.7461,-0.0013,3.709,0.032,-4.77,,3.0701,0.095,-6.745,0.0112,0.00797,-0.00136,-0.0066,0.0373,0.00136,1.44E-06,-0.0112,-2.91,-2.882197318,-2.59,-2.566691222,0.022766045,0.000542733,150.1,-0.00763
2-6_OH_3-5_BH2_4_CNBCl,c1(O)c(B)c(C#N)c(B)c(O)c1(Cl),Cl,OH,BH2,CN,27.8,1.952399343,1.7517,3.554,-6.977,C1,1.7495,-0.0022,3.612,0.058,-5.816,,3.049,0.099,-6.481,0.0117,0.00833,-0.00141,-0.00691,0.039,0.00141,2.71E-06,-0.0117,-3.38,-3.35609061,-3.07,-3.041624836,0.027346864,0.0010283,2.26,-0.00935
2-6_OH_3-5_BH2_4_FBCl,c1(O)c(B)c(F)c(B)c(O)c1(Cl),Cl,OH,BH2,F,23.3,1.956027576,1.7541,3.546,-6.074,Cs,1.7522,-0.0019,3.604,0.058,-4.933,,3.0687,0.097,-6.536,0.0113,0.00799,-0.00136,-0.00663,0.0374,0.00136,1.56E-06,-0.0113,-2.95,-2.924915655,-2.65,-2.622146673,0.027503114,0.000350213,2.04,-0.00843
2-6_OH_3-5_BH2_4_NO2BCl,c1(O)c(B)c(N(=O)=O)c(B)c(O)c1(Cl),Cl,OH,BH2,NO2,27.9,1.952331247,1.7516,3.582,-6.612,C1,1.7497,-0.0019,3.633,0.051,-5.391,,3.0471,0.1,-6.628,0.0118,0.00836,-0.00142,-0.00694,0.0391,0.00142,1.09E-06,-0.0118,-3.41,-3.378413005,-3.09,-3.060335555,0.028614433,0.001050012,2.28,-0.00944
2-6_OH_3-5_CN_4_NO2BCl,c1(O)c(C#N)c(N(=O)=O)c(C#N)c(O)c1(Cl),Cl,OH,CN,NO2,38.4,1.938568373,1.7404,3.822,-6.805,C1,1.7399,-0.0005,3.821,-0.001,-5.39,,2.9884,0.122,-7.185,0.0131,0.00944,-0.00157,-0.00786,0.044,0.00157,1.78E-06,-0.0131,-4.57,-4.537680331,-4.24,-4.206147055,0.030816992,0.003035954,2.83,-0.01235
2-6_OH_3-5_F_4_NO2BCl,c1(O)c(F)c(N(=O)=O)c(F)c(O)c1(Cl),Cl,OH,F,NO2,30.8,1.944660442,1.7425,3.776,-6.58,C1,1.7415,-0.001,3.789,0.013,-5.444,,3.022,0.106,-6.769,0.0123,0.00879,-0.00149,-0.00731,0.0411,0.00149,2.25E-06,-0.0123,-3.76,-3.725494785,-3.44,-3.409219278,0.029543147,0.001237574,2.5,-0.01052
2-6_OH_3-5_NH2_4_CNBCl,c1(O)c(N)c(C#N)c(N)c(O)c1(Cl),Cl,OH,NH2,CN,20.9,1.956790673,1.7495,3.617,-7.37,C1,1.7473,-0.0022,3.67,0.053,-6.467,,3.0794,0.094,-6.281,0.011,0.00781,-0.00134,-0.00648,0.0366,0.00134,9.17E-07,-0.011,-2.68,-2.648851636,-2.39,-2.361596912,0.028445006,-4.19E-05,2.02,-0.0082
2-6_OH_3-5_NH2_4_FBCl,c1(O)c(N)c(F)c(N)c(O)c1(Cl),Cl,OH,NH2,F,15.8,1.960492293,1.7524,3.599,-6.242,C1,1.7505,-0.0019,3.653,0.054,-5.34,,3.1033,0.083,-6.366,0.0105,0.00743,-0.00128,-0.00615,0.0348,0.00128,8.81E-07,-0.0105,-2.2,-2.172647226,-1.92,-1.894310451,0.025947518,-0.000257969,1.84,-0.00725
2-6_OH_3-5_NH2_4_NO2BCl,c1(O)c(N)c(N(=O)=O)c(N)c(O)c1(Cl),Cl,OH,NH2,NO2,22.2,1.955452447,1.7484,3.621,-7.897,C1,1.746,-0.0024,3.676,0.055,-7.002,,3.0713,0.096,-6.287,0.0112,0.00795,-0.00136,-0.00659,0.0372,0.00136,3.52E-06,-0.0112,-2.82,-2.790511905,-2.53,-2.496209868,0.03368471,0.000105422,7.73,-0.0084
2-6_OH_3-5_NO2_4_CNBCl,c1(O)c(N(=O)=O)c(C#N)c(N(=O)=O)c(O)c1(Cl),Cl,OH,NO2,CN,38.9,1.936922955,1.7389,3.833,-6.832,C1,1.7385,-0.0004,3.826,-0.007,-5.415,,2.9828,0.125,-7.131,0.0133,0.00954,-0.00159,-0.00795,0.0445,0.00159,6.88E-07,-0.0133,-4.67,-4.634988229,-4.33,-4.296624025,0.030327534,0.003048441,2.87,-0.01264
2-6_OH_3-5_NO2_4_FBCl,c1(O)c(N(=O)=O)c(F)c(N(=O)=O)c(O)c1(Cl),Cl,OH,NO2,F,34.7,1.940517024,1.7425,3.805,-5.779,C1,1.7423,-0.0002,3.804,-0.001,-4.368,,3.0005,0.116,-7.204,0.0128,0.0092,-0.00155,-0.00765,0.043,0.00155,2.89E-06,-0.0128,-4.22,-4.188684648,-3.89,-3.856500531,0.031431951,0.002067518,2.69,-0.01164
2-6_OH_4_NH2_3-5_CNBCl,c1(O)c(C#N)c(N)c(C#N)c(O)c1(Cl),Cl,OH,CN,NH2,27.1,1.948534754,1.7462,3.754,-4.997,C1,1.7456,-0.0006,3.776,0.022,-3.751,,3.0417,0.1,-7.011,0.0118,0.00845,-0.00143,-0.00702,0.0395,0.00143,2.92E-06,-0.0118,-3.37,-3.340975789,-3.06,-3.032825889,0.026311473,0.000862637,2.33,-0.00967
2-6_OH_4_NH2_3-5_FBCl,c1(O)c(F)c(N)c(F)c(O)c1(Cl),Cl,OH,F,NH2,18.9,1.954369438,1.7484,3.704,-4.771,C1,1.7473,-0.0011,3.735,0.031,-3.807,,3.0791,0.093,-6.579,0.011,0.00781,-0.00134,-0.00647,0.0366,0.00134,2.52E-06,-0.011,-2.56,-2.538058558,-2.28,-2.253628411,0.026506001,-0.000134413,2.03,-0.00805
2-6_opp_H_3-5_4-OHBCl,c1(O)c(O)c(O)c(O)c(O)c1(Cl),Cl,OH,OH,OH,16.8,1.958389998,1.7508,3.644,-5.491,C1,1.7493,-0.0015,3.689,0.045,-4.571,,3.0944,0.087,-6.425,0.0107,0.00756,-0.0013,-0.00626,0.0354,0.0013,1.13E-06,-0.0107,-2.33,-2.302027135,-2.04,-2.016354752,0.023826536,-0.000181287,1.89,-0.00746
2-6_opp_H_3-5_4-SHBCl,c1(S)c(S)c(S)c(S)c(S)c1(Cl),Cl,SH,SH,SH,16.9,1.956181872,1.7493,3.511,-5.882,C1,1.7467,-0.0026,3.567,0.056,-5.042,,3.0779,0.092,-6.47,0.011,0.00784,-0.00134,-0.0065,0.0367,0.00134,1.30E-06,-0.011,-2.48,-2.451135942,-2.16,-2.130877347,0.029467846,-0.000345193,98.8,-0.00723
2-6_opp_H_3-5-OHBCl,c1(O)c(O)c(O)c(O)c(O)c1(Cl),Cl,OH,OH,H,16,1.957840805,1.7512,3.601,-6.597,Cs,1.7492,-0.002,3.651,0.05,-5.714,,3.0918,0.089,-6.304,0.0108,0.00761,-0.00131,-0.0063,0.0357,0.00131,2.21E-06,-0.0108,-2.34,-2.311574064,-2.05,-2.025718457,0.024646063,-0.00036452,1.91,-0.00758
2-6_opp_H_3-5-SHBCl,c1(S)c(S)c(S)c(S)c(S)c1(Cl),Cl,SH,SH,H,13.8,1.956376665,1.7437,3.573,-6.683,C1,1.7424,-0.0013,3.625,0.052,-5.908,,3.0762,0.087,-6.176,0.0108,0.0077,-0.00129,-0.00641,0.036,0.00129,3.57E-06,-0.0108,-2.29,-2.268085146,-2,-1.97375316,0.025715339,0.000531501,1.77,-0.00713
2-6_SH_3-5_BH2_4_CNBCl,c1(S)c(B)c(C#N)c(B)c(S)c1(Cl),Cl,SH,BH2,CN,23.5,1.953409003,1.7493,3.466,-6.587,Cs,1.7462,-0.0031,3.535,0.069,-5.705,,3.0581,0.097,-6.446,0.0115,0.00818,-0.00139,-0.0068,0.0383,0.00139,2.13E-06,-0.0115,-3.04,-3.013980588,-2.7,-2.672965134,0.026744455,0.000290411,2.12,-0.00894
2-6_SH_3-5_BH2_4_FBCl,c1(S)c(B)c(F)c(B)c(S)c1(Cl),Cl,SH,BH2,F,19.1,1.956949031,1.7521,3.46,-5.779,Cs,1.7494,-0.0027,3.528,0.068,-4.899,,3.0763,0.094,-6.549,0.0111,0.00788,-0.00134,-0.00654,0.0369,0.00134,2.46E-06,-0.0111,-2.63,-2.604700067,-2.3,-2.273993998,0.026211072,-0.00020507,1.96,-0.00789
2-6_SH_3-5_BH2_4_NO2BCl,c1(S)c(B)c(N(=O)=O)c(B)c(S)c1(Cl),Cl,SH,BH2,NO2,20,1.951862258,1.7377,3.665,-8.235,C1,1.7348,-0.0029,3.71,0.045,-7.65,,3.0603,0.095,-5.892,0.0114,0.00812,-0.00138,-0.00674,0.038,0.00138,1.33E-06,-0.0114,-2.76,-2.716183405,-2.46,-2.41455595,0.045657591,-0.000213541,2.11,-0.00858
2-6_SH_3-5_CN_4_NO2BCl,c1(S)c(C#N)c(N(=O)=O)c(C#N)c(S)c1(Cl),Cl,SH,CN,NO2,33.5,1.941392751,1.7391,3.708,-6.71,C1,1.7373,-0.0018,3.73,0.022,-5.653,,3.0068,0.112,-6.933,0.0127,0.00909,-0.00152,-0.00757,0.0425,0.00152,1.86E-06,-0.0127,-4.07,-4.042481209,-3.72,-3.689272742,0.028583058,0.0021442,2.6,-0.01135
2-6_SH_3-5_F_4_NO2BCl,c1(S)c(F)c(N(=O)=O)c(F)c(S)c1(Cl),Cl,SH,F,NO2,26.9,1.945539212,1.7384,3.727,-6.655,C1,1.7364,-0.002,3.756,0.029,-5.812,,3.0321,0.101,-6.581,0.012,0.00862,-0.00146,-0.00716,0.0403,0.00146,2.34E-06,-0.012,-3.4,-3.375796291,-3.07,-3.042540937,0.02672563,0.000733433,2.37,-0.01004
2-6_SH_3-5_NH2_4_CNBCl,c1(S)c(N)c(C#N)c(N)c(S)c1(Cl),Cl,SH,NH2,CN,8.3,1.952388996,1.7358,3.723,-7.943,C1,1.7346,-0.0012,3.716,-0.007,-7.627,,3.0848,0.077,-4.821,0.00972,0.00707,-0.00119,-0.00588,0.033,0.00119,3.72E-06,-0.00972,-1.85,-1.78610972,-1.52,-1.459212841,0.059632228,0.001154931,187.35,-0.00374
2-6_SH_3-5_NH2_4_FBCl,c1(S)c(N)c(F)c(N)c(S)c1(Cl),Cl,SH,NH2,F,7.3,1.959903689,1.7417,3.671,-6.441,C1,1.7406,-0.0011,3.682,0.011,-6.167,,3.0934,0.077,-4.961,0.00947,0.00694,-0.0012,-0.00574,0.0325,0.0012,2.14E-06,-0.00947,-1.9,-1.881100037,-1.58,-1.557793568,0.020061479,0.002144953,0.79,-0.00331
2-6_SH_3-5_NH2_4_NO2BCl,c1(S)c(N)c(N(=O)=O)c(N)c(S)c1(Cl),Cl,SH,NH2,NO2,9.8,1.952137634,1.7351,3.733,-8.28,C1,1.7335,-0.0016,3.753,0.02,-7.975,,3.0712,0.081,-5.042,0.0101,0.00733,-0.00122,-0.00612,0.0342,0.00122,1.29E-06,-0.0101,-1.88,-1.850979581,-1.54,-1.514903887,0.024554447,0.000541666,,-0.00437
2-6_SH_3-5_NO2_4_CNBCl,c1(S)c(N(=O)=O)c(C#N)c(N(=O)=O)c(S)c1(Cl),Cl,SH,NO2,CN,32.6,1.940168392,1.7351,3.719,-6.923,C1,1.7339,-0.0012,3.748,0.029,-5.87,,2.9985,0.115,-6.835,0.0128,0.00923,-0.00155,-0.00769,0.0431,0.00155,8.93E-07,-0.0128,-4.06,-4.028939554,-3.72,-3.684278645,0.034155342,0.001566013,2.66,-0.01157
2-6_SH_3-5_NO2_4_FBCl,c1(S)c(N(=O)=O)c(F)c(N(=O)=O)c(S)c1(Cl),Cl,SH,NO2,F,28.6,1.94318083,1.7399,3.698,-5.886,Cs,1.7387,-0.0012,3.72,0.022,-4.83,,3.0162,0.106,-6.968,0.0124,0.0089,-0.0015,-0.0074,0.0416,0.0015,3.82E-06,-0.0124,-3.64,-3.612467774,-3.31,-3.281341265,0.028137526,0.000521209,2.49,-0.0107
2-6_SH_4_NH2_3-5_CNBCl,c1(S)c(C#N)c(N)c(C#N)c(S)c1(Cl),Cl,SH,CN,NH2,22.8,1.950036393,1.7456,3.649,-5.054,C1,1.7439,-0.0017,3.689,0.04,-4.111,,3.056,0.096,-6.832,0.0115,0.00821,-0.00139,-0.00682,0.0384,0.00139,1.92E-06,-0.0115,-2.99,-2.963095843,-2.65,-2.627453019,0.022182461,0.00036452,2.15,-0.00878
2-6_SH_4_NH2_3-5_FBCl,c1(S)c(F)c(N)c(F)c(S)c1(Cl),Cl,SH,F,NH2,15.5,1.954683132,1.7447,3.661,-4.94,C1,1.7428,-0.0019,3.704,0.043,-4.212,,3.0834,0.09,-6.479,0.0109,0.00774,-0.00132,-0.00642,0.0363,0.00132,1.23E-06,-0.0109,-2.31,-2.289872276,-2.01,-1.988445112,0.021837331,-0.000282442,1.93,-0.00762
2-6-BH2BCl,c1(B)cccc(B)c1(Cl),Cl,BH2,H,H,4.2,1.965213012,1.7489,3.416,-9.45,C1,1.7444,-0.0045,3.543,0.127,-9.016,,3.1311,0.067,-5.135,0.00995,0.007,-0.00122,-0.00578,0.0329,0.00122,4.68E-06,-0.00995,-1.21,-1.202243569,-0.91,-0.898338363,0.010845247,0.00081639,1.67,-0.00606
2-6-CF3BCl,c1(C(F)(F)F)cccc(C(F)(F)F)c1(Cl),Cl,CF3,H,H,11.8,1.941036243,1.7344,3.864,-7.978,C1,1.733,-0.0014,3.868,0.004,-7.145,NAN,3.02,0.1,-6.275,0.0122,0.00879,-0.0015,-0.00728,0.0412,0.0015,1.04E-06,-0.0122,-2.39,-2.364050174,-2.03,-2.007680554,0.021247472,0.001071974,2.49,-0.01022
2-6-CHOBCl,c1(C(=O))cccc(C(=O))c1(Cl),Cl,CHO,H,H,17.2,1.954837591,1.753,3.486,-8.268,C1,1.7497,-0.0033,3.547,0.061,-7.583,NAN,3.0741,0.093,-5.882,0.0111,0.00789,-0.00135,-0.00654,0.037,0.00135,1.94E-06,-0.0111,-2.48,-2.460507797,-2.17,-2.148481884,0.021761402,-0.000243285,2.11,-0.00839
2-6-ClBCl,c1(Cl)cccc(Cl)c1(Cl),Cl,Cl,H,H,9.4,1.944692052,1.7267,3.986,-6.587,C1,1.7259,-0.0008,3.989,0.003,-5.791,NAN,3.0545,0.091,-6.325,0.0114,0.00817,-0.00142,-0.00675,0.0383,0.00142,1.32E-06,-0.0114,-1.89,-1.869817417,-1.59,-1.572376584,0.016447024,0.001176392,0.47,-0.00552
2-6-CNBCl,c1(C#N)cccc(C#N)c1(Cl),Cl,CN,H,H,15.9,1.934191762,1.7232,4.07,-7.456,C1,1.7221,-0.0011,4.059,-0.011,-6.533,NAN,2.9854,0.118,-6.524,0.013,0.00944,-0.0016,-0.00784,0.0442,0.0016,1.87E-06,-0.013,-3.05,-3.029766845,-2.7,-2.683538041,0.015719113,0.000742846,2.8,-0.01149
2-6-COOHBCl,c1(C(=O)O)cccc(C(=O)O)c1(Cl),Cl,COOH,H,H,24.4,1.946955646,1.7601,3.328,-7.304,NAN,1.7596,-0.0005,3.355,0.027,-6.303,NAN,3.0105,0.112,-6.552,0.0126,0.00904,-0.00152,-0.00752,0.0422,0.00152,1.82E-06,-0.0126,-3.84,-3.690709674,-3.5,-3.351829319,0.147872614,0.000298067,2.61,-0.0113
2-6-FBCl,c1(F)cccc(F)c1(Cl),Cl,F,H,H,9.7,1.944597706,1.7243,4.127,-6.882,C1,1.7246,0.0003,4.102,-0.025,-5.902,NAN,3.0514,0.091,-6.349,0.0114,0.00822,-0.00142,-0.00681,0.0385,0.00142,6.46E-07,-0.0114,-1.93,-1.911528601,-1.63,-1.614297516,0.014624736,0.001077748,2.25,-0.00871
2-6-NH2BCl,c1(N)cccc(N)c1(Cl),Cl,NH2,H,H,6.1,1.970319325,1.755,3.48,-6.64,C1,1.7532,-0.0018,3.529,0.049,-6.393,,3.1522,0.06,-4.501,0.00857,0.00616,-0.00106,-0.0051,0.0289,0.00106,1.63E-06,-0.00857,-1.56,-1.545756074,-1.28,-1.263576508,0.012755386,0.003668107,0.56,-0.00211
2-6-NO2BCl,c1(N(=O)=O)cccc(N(=O)=O)c1(Cl),Cl,NO2,H,H,17,1.927694196,1.7194,4.11,-6.89,NAN,1.7202,0.0008,4.036,-0.074,-5.745,NAN,2.9625,0.124,-7.016,0.0135,0.00988,-0.00167,-0.0082,0.0462,0.00167,3.00E-06,-0.0135,-3.22,-3.192632543,-2.86,-2.832942732,0.026054194,0.001003074,3.09,-0.01271
2-6-OHBCl,c1(O)cccc(O)c1(Cl),Cl,OH,H,H,16.6,1.961068547,1.7537,3.54,-6.223,Cs,1.7515,-0.0022,3.601,0.061,-5.353,,3.1013,0.085,-6.149,0.0106,0.00746,-0.00129,-0.00618,0.035,0.00129,1.47E-06,-0.0106,-2.28,-2.258430912,-2.01,-1.987735147,0.022585322,-0.000320469,1.87,-0.00728
2-6-SHBCl,c1(S)cccc(S)c1(Cl),Cl,SH,H,H,13.8,1.960076996,1.7487,3.526,-6.036,C1,1.7457,-0.003,3.596,0.07,-5.358,,3.1005,0.084,-6.188,0.0106,0.00748,-0.00128,-0.0062,0.0351,0.00128,4.01E-07,-0.0106,-2.11,-2.09066311,-1.82,-1.797237909,0.022878996,-0.000116905,1.81,-0.00702
3-4-5-BH2BCl,c1c(B)c(B)c(B)cc1(Cl),Cl,H,BH2,BH2,7.7,1.960884352,1.7474,3.665,-9.595,Cs,1.7445,-0.0029,3.729,0.064,-8.891,,3.1231,0.069,-5.429,0.0101,0.00711,-0.00123,-0.00587,0.0334,0.00123,2.49E-06,-0.0101,-1.4,-1.379610133,-1.12,-1.103253277,0.016706185,4.05E-05,1.75,-0.00648
3-4-5-ClBCl,c1c(Cl)c(Cl)c(Cl)cc1(Cl),Cl,H,Cl,Cl,13.3,1.951031247,1.7397,3.827,-9.497,Cs,1.7377,-0.002,3.861,0.034,-8.71,NAN,3.0797,0.089,-5.768,0.0109,0.00777,-0.00134,-0.00643,0.0364,0.00134,1.41E-06,-0.0109,-1.98,-1.967928527,-1.7,-1.685575188,0.014457819,-3.30E-05,2.03,-0.00784
3-4-5-CNBCl,c1c(C#N)c(C#N)c(C#N)cc1(Cl),Cl,H,CN,CN,26.1,1.938981712,1.7314,3.961,-10.597,C1,1.7298,-0.0016,3.968,0.007,-9.674,NAN,3.0164,0.104,-6.039,0.0123,0.00886,-0.0015,-0.00737,0.0414,0.0015,2.07E-06,-0.0123,-3.25,-3.235019555,-2.93,-2.915253213,0.014908371,-0.000161584,2.56,-0.01064
3-4-5-FBCl,c1c(F)c(F)c(F)cc1(Cl),Cl,H,F,F,13.2,1.951847009,1.7407,3.837,-8.6,C1,1.739,-0.0017,3.863,0.026,-7.865,NAN,3.0835,0.088,-5.841,0.0108,0.0077,-0.00133,-0.00637,0.0361,0.00133,3.98E-07,-0.0108,-1.92,-1.905472506,-1.65,-1.634914546,0.01501944,6.60E-05,2.01,-0.00771
3-4-5-NH2BCl,c1c(N)c(N)c(N)cc1(Cl),Cl,H,NH2,NH2,-0.4,1.967808071,1.7511,3.628,-8.463,C1,1.7511,0,3.632,0.004,-8.525,,3.237,0.034,-3.627,0.00716,0.00553,-0.0013,-0.00423,0.0273,0.0013,1.45E-06,-0.00716,-1.21,-1.200067115,-0.99,-0.983596203,0.000344503,0.006059294,0.16,-1.00E-05
3-4-5-OHBCl,c1c(O)c(O)c(O)cc1(Cl),Cl,H,OH,OH,5.6,1.961798866,1.7473,3.712,-8.115,C1,1.7465,-0.0008,3.732,0.02,-7.908,,3.1347,0.065,-4.133,0.0086,0.00632,-0.00111,-0.00521,0.0297,0.00111,3.02E-06,-0.0086,-1.28,-1.27059479,-0.96,-0.955305539,0.003616965,0.001077497,0.59,-0.00255
3-4-5-SHBCl,c1c(S)c(S)c(S)cc1(Cl),Cl,H,SH,SH,9.5,1.958073852,1.7443,3.711,-10.128,C1,1.7415,-0.0028,3.766,0.055,-9.437,,3.1108,0.075,-5.491,0.0103,0.00729,-0.00126,-0.00603,0.0342,0.00126,5.65E-07,-0.0103,-1.55,-1.539967048,-1.28,-1.265229054,0.014664897,0.000106049,1.81,-0.00684
3-5-BH2BCl,c1c(B)cc(B)cc1(Cl),Cl,H,BH2,H,7.8,1.961141775,1.7472,3.662,-9.621,Cs,1.7443,-0.0029,3.726,0.064,-8.925,,3.1211,0.07,-5.42,0.0101,0.00714,-0.00124,-0.0059,0.0335,0.00124,1.42E-06,-0.0101,-1.42,-1.399617646,-1.15,-1.133029696,0.016940247,3.01E-05,1.75,-0.00646
3-5-CF3BCl,c1c(C(F)(F)F)cc(C(F)(F)F)cc1(Cl),Cl,H,CF3,H,15.2,1.95015277,1.739,3.838,-9.441,C1,1.7369,-0.0021,3.872,0.034,-8.672,NAN,3.0702,0.092,-5.795,0.0111,0.00793,-0.00136,-0.00657,0.0371,0.00136,2.95E-06,-0.0111,-2.2,-2.185636673,-1.91,-1.892257985,0.01787147,-0.000129455,2.1,-0.00817
3-5-CH3BCl,c1c(C)cc(C)cc1(Cl),Cl,H,CH3,H,2.1,1.966494046,1.7504,3.599,-9.456,Cs,1.7497,-0.0007,3.611,0.012,-9.421,,3.1731,0.053,-3.503,0.0079,0.00596,-0.00119,-0.00478,0.0286,0.00119,2.85E-06,-0.0079,-1.19,-1.190867825,-0.9,-0.897013118,0.000221511,0.002765372,0.34,-0.00152
3-5-CHOBCl,c1c(C(=O))cc(C(=O))cc1(Cl),Cl,H,CHO,H,11.2,1.953878622,1.7418,3.769,-9.998,C1,1.7393,-0.0025,3.817,0.048,-9.248,NAN,3.0848,0.088,-5.627,0.0108,0.00769,-0.00133,-0.00637,0.0361,0.00133,3.58E-07,-0.0108,-1.89,-1.87403177,-1.61,-1.591333914,0.018487685,0.000178401,1.99,-0.00761
3-5-ClBCl,c1c(Cl)cc(Cl)cc1(Cl),Cl,H,Cl,H,11.6,1.953598882,1.7416,3.782,-9.47,Cs,1.7393,-0.0023,3.822,0.04,-8.712,NAN,3.0896,0.086,-5.672,0.0107,0.00761,-0.00132,-0.00629,0.0357,0.00132,3.54E-06,-0.0107,-1.82,-1.806966065,-1.55,-1.535184501,0.014815499,0,1.95,-0.00749
3-5-CNBCl,c1c(C#N)cc(C#N)cc1(Cl),Cl,H,CN,H,19.6,1.945756833,1.7369,3.882,-9.717,C1,1.7351,-0.0018,3.903,0.021,-8.837,NAN,3.0485,0.094,-6.004,0.0116,0.00829,-0.00142,-0.00687,0.0388,0.00142,2.25E-06,-0.0116,-2.62,-2.603156394,-2.31,-2.295851041,0.014457819,-0.00030886,2.29,-0.0092
3-5-COOHBCl,c1c(C(=O)O)cc(C(=O)O)cc1(Cl),Cl,H,COOH,H,9.5,1.954203182,1.7422,3.779,-9.809,Cs,1.7397,-0.0025,3.825,0.046,-9.084,NAN,3.0915,0.085,-5.673,0.0107,0.00758,-0.00131,-0.00628,0.0356,0.00131,3.96E-07,-0.0107,-1.75,-1.730253029,-1.46,-1.441607446,0.018216601,0.000175954,1.94,-0.00736
3-5-FBCl,c1c(F)cc(F)cc1(Cl),Cl,H,F,H,11,1.954095149,1.7412,3.798,-9.141,C1,1.7391,-0.0021,3.834,0.036,-8.48,NAN,3.0948,0.083,-5.627,0.0106,0.00753,-0.0013,-0.00622,0.0353,0.0013,2.46E-06,-0.0106,-1.74,-1.726512445,-1.48,-1.464933622,0.015028853,3.75E-05,1.92,-0.0073
3-5-NH2BCl,c1c(N)cc(N)cc1(Cl),Cl,H,NH2,H,0.3,1.967385499,1.7504,3.605,-9.553,Cs,1.7502,-0.0002,3.613,0.008,-9.613,,3.2166,0.041,-3.603,0.00738,0.00563,-0.00125,-0.00438,0.0275,0.00125,1.60E-06,-0.00738,-1.24,-1.234502953,-1.01,-1.003355239,0.001866841,0.00477792,0.21,-0.0004
3-5-NO2BCl,c1c(N(=O)=O)cc(N(=O)=O)cc1(Cl),Cl,H,NO2,H,20.5,1.943948768,1.7354,3.915,-9.777,C1,1.7338,-0.0016,3.93,0.015,-8.86,NAN,3.0365,0.096,-6.1,0.0118,0.0085,-0.00145,-0.00705,0.0398,0.00145,1.30E-06,-0.0118,-2.77,-2.749918316,-2.46,-2.443776244,0.016698028,-0.000474272,2.38,-0.00964
3-5-OHBCl,c1c(O)cc(O)cc1(Cl),Cl,H,OH,H,6.6,1.961324834,1.7467,3.686,-9.081,Cs,1.7441,-0.0026,3.74,0.054,-8.511,,3.1372,0.065,-5.404,0.0098,0.00689,-0.0012,-0.00569,0.0324,0.0012,7.42E-07,-0.0098,-1.21,-1.196367319,-0.96,-0.943683623,0.0158534,0.000462977,1.65,-0.00607
3-5-OOCMeBCl,c1c(OC(=O)C)cc(OC(=O)C)cc1(Cl),Cl,H,OOCMe,H,4.5,1.958678891,1.7444,3.731,-9.493,C1,1.7418,-0.0026,3.782,0.051,-8.858,NAN,3.1148,0.073,-5.579,0.0102,0.00722,-0.00125,-0.00596,0.0339,0.00125,5.37E-07,-0.0102,-1.3,-1.282518725,-1.02,-0.997602429,0.021385524,0.001012047,1.76,-0.00657
3-5-SHBCl,c1c(S)cc(S)cc1(Cl),Cl,H,SH,H,8.1,1.960223433,1.7458,3.689,-9.675,Cs,1.7431,-0.0027,3.746,0.057,-8.99,,3.1199,0.07,-5.493,0.0101,0.00715,-0.00124,-0.00591,0.0336,0.00124,2.75E-06,-0.0101,-1.42,-1.403201352,-1.14,-1.125089496,0.014871975,3.85E-05,1.75,-0.00657
4-BH2BCl,c1cc(B)ccc1(Cl),Cl,H,H,BH2,8,1.960645201,1.7436,3.682,-10.641,Cs,1.7403,-0.0033,3.746,0.064,-10.207,,3.124,0.069,-4.895,0.0101,0.00709,-0.00123,-0.00586,0.0333,0.00123,6.99E-07,-0.0101,-1.4,-1.388137359,-1.15,-1.13379896,0.016216728,-1.57E-05,1.74,-0.00638
4-CF3BCl,c1cc(C(F)(F)F)ccc1(Cl),Cl,H,H,CF3,10.5,1.957066775,1.7432,3.737,-9.574,C1,1.7405,-0.0027,3.788,0.051,-8.97,NAN,3.1093,0.076,-5.364,0.0103,0.00731,-0.00127,-0.00604,0.0343,0.00127,3.13E-06,-0.0103,-1.62,-1.603439634,-1.36,-1.343489347,0.016553701,-4.30E-05,1.84,-0.00687
4-CH3BCl,c1cc(C)ccc1(Cl),Cl,H,H,CH3,2.8,1.964613372,1.7488,3.648,-8.997,C1,1.746,-0.0028,3.709,0.061,-8.46,,3.1587,0.062,-5.209,0.00943,0.0066,-0.00116,-0.00544,0.0311,0.00116,2.05E-06,-0.00943,-0.91,-0.894969109,-0.67,-0.655641516,0.01322037,0.001138114,1.56,-0.00552
4-CHOBCl,c1cc(C(=O))ccc1(Cl),Cl,H,H,CHO,10.1,1.957720377,1.7427,3.717,-10.177,C1,1.7398,-0.0029,3.776,0.059,-9.675,NAN,3.1124,0.075,-5.112,0.0103,0.00727,-0.00126,-0.00601,0.0341,0.00126,1.52E-06,-0.0103,-1.58,-1.567293204,-1.33,-1.315769089,0.014140927,9.00E-05,1.82,-0.00676
4-ClBCl,c1cc(Cl)ccc1(Cl),Cl,H,H,Cl,7.8,1.959201508,1.7452,3.724,-9.076,Cs,1.7427,-0.0025,3.775,0.051,-8.467,NAN,3.1241,0.069,-5.393,0.01,0.00709,-0.00123,-0.00585,0.0333,0.00123,2.38E-06,-0.01,-1.37,-1.351287492,-1.11,-1.096078827,0.01388051,4.07E-05,NAN,-0.00105
4-CNBCl,c1cc(C#N)ccc1(Cl),Cl,H,H,CN,13,1.954665367,1.7411,3.767,-9.983,Cs,1.7384,-0.0027,3.815,0.048,-9.388,NAN,3.0967,0.083,-5.304,0.0106,0.0075,-0.0013,-0.00621,0.0352,0.0013,2.56E-06,-0.0106,-1.84,-1.824345568,-1.57,-1.555714558,0.014497979,-0.000212537,1.93,-0.00728
4-COOHBCl,c1cc(C(=O)O)ccc1(Cl),Cl,H,H,COOH,8.9,1.958433147,1.7433,3.716,-10.124,C1,1.7403,-0.003,3.772,0.056,-9.612,NAN,3.1177,0.072,-5.122,0.0102,0.00719,-0.00125,-0.00594,0.0338,0.00125,6.13E-07,-0.0102,-1.49,-1.473402723,-1.24,-1.222683875,0.017175563,0.000140562,1.79,-0.0066
4-FBCl,c1cc(F)ccc1(Cl),Cl,H,H,F,6.7,1.960882402,1.7468,3.714,-8.421,C1,1.7446,-0.0022,3.762,0.048,-7.811,NAN,3.1315,0.066,-5.477,0.00989,0.00697,-0.00121,-0.00575,0.0327,0.00121,2.31E-06,-0.00989,-1.25,-1.237213167,-1,-0.986056551,0.013561108,0.000382342,1.69,-0.00614
4-NH2BCl,c1cc(N)ccc1(Cl),Cl,H,H,NH2,0.8,1.965956107,1.7498,3.619,-8.013,C1,1.7496,-0.0002,3.663,0.044,-7.922,,3.2009,0.032,-3.667,0.00754,0.00572,-0.00122,-0.0045,0.0278,0.00122,2.99E-06,-0.00754,-1.18,-1.180670419,-0.95,-0.946782633,-0.001379266,0.004596633,0.25,-0.0006
4-NO2BCl,c1cc(N(=O)=O)ccc1(Cl),Cl,H,H,NO2,14.1,1.953403698,1.7399,3.786,-10.231,C1,1.7372,-0.0027,3.832,0.046,-9.668,NAN,3.0894,0.086,-5.298,0.0107,0.00762,-0.00131,-0.0063,0.0357,0.00131,3.49E-06,-0.0107,-1.96,-1.940349484,-1.69,-1.673609264,0.016482792,-9.21E-05,1.98,-0.00751
4-OHBCl,c1cc(O)ccc1(Cl),Cl,H,H,OH,3.3,1.963934583,1.7486,3.686,-8.114,C1,1.748,-0.0006,3.699,0.013,-7.983,,3.1548,0.052,-3.84,0.00819,0.00612,-0.00116,-0.00496,0.0291,0.00116,1.31E-06,-0.00819,-1.24,-1.233648913,-0.94,-0.935089173,0.002500625,0.002410201,0.43,-0.00186
4-OOCMeBCl,c1cc(OC(=O)C)ccc1(Cl),Cl,H,H,OOCMe,4.7,1.962084724,1.747,3.695,-9.048,C1,1.7459,-0.0011,3.71,0.015,-8.856,NAN,3.1343,0.063,-4.042,0.00868,0.00634,-0.0011,-0.00524,0.0297,0.0011,2.85E-06,-0.00868,-1.3,-1.293190152,-0.99,-0.984333526,0.004515558,0.001150915,0.63,-0.00265
4-SHBCl,c1cc(S)ccc1(Cl),Cl,H,H,SH,5.4,1.961614368,1.7464,3.698,-8.849,Cs,1.7439,-0.0025,3.757,0.059,-8.29,,3.1395,0.064,-5.305,0.00976,0.00686,-0.0012,-0.00567,0.0323,0.0012,1.17E-06,-0.00976,-1.15,-1.130046467,-0.9,-0.884339685,0.015267306,0.000393009,1.66,-0.00597
BCl,c1ccccc1(Cl),Cl,H,H,H,4.1,1.96394643,1.7484,3.646,-9.06,C1,1.7474,-0.001,3.668,0.022,-8.921,NAN,3.1461,0.058,-3.814,0.008415702,0.006195805,-0.001111462,-0.005084343,0.029229067,0.001111462,2.90E-06,-0.008415702,-1.23,-1.229860011,-0.93,-0.926102664,0.002152358,0.001744978,0.52,-0.00225
opp_H_2-4-6_OH_3-5_CNBCl,c1(O)c(C#N)c(O)c(C#N)c(O)c1(Cl),Cl,OH,CN,OH,13,1.942183299,1.7253,4.128,-6.51,Cs,1.726,0.0007,4.096,-0.032,-5.389,,3.0402,0.092,-6.796,0.0117,0.00842,-0.00143,-0.00698,0.0394,0.00143,1.35E-06,-0.0117,-2.13,-2.115669364,-1.82,-1.803312828,0.016396823,0.000290349,2.31,-0.00936
opp_H_2-4-6_OH_3-5_FBCl,c1(O)c(F)c(O)c(F)c(O)c1(Cl),Cl,OH,F,OH,5.1,1.949152481,1.7276,4.1,-6.274,C1,1.7278,0.0002,4.089,-0.011,-5.357,,3.0774,0.093,-6.506,0.0109,0.00778,-0.00134,-0.00644,0.0365,0.00134,2.07E-06,-0.0109,-1.4,-1.387258407,-1.11,-1.093277374,0.014633522,0.002089105,2.01,-0.00768
opp_H_2-4-6_SH_3-5_CNBCl,c1(S)c(C#N)c(S)c(C#N)c(S)c1(Cl),Cl,SH,CN,SH,18.6,1.941809579,1.7367,3.848,-6.394,C1,1.7353,-0.0014,3.869,0.021,-5.398,,3.0208,0.101,-6.874,0.0122,0.00877,-0.0015,-0.00727,0.0411,0.0015,6.36E-07,-0.0122,-2.77,-2.772270204,-2.43,-2.430267194,-0.000175703,-9.15E-05,0.15,-0.00968
opp_H_2-4-6_SH_3-5_FBCl,c1(S)c(F)c(S)c(F)c(S)c1(Cl),Cl,SH,F,SH,11.6,1.947356879,1.7369,3.848,-6.219,C1,1.7352,-0.0017,3.875,0.027,-5.404,,3.0495,0.092,-6.531,0.0115,0.00826,-0.00143,-0.00683,0.0387,0.00143,2.77E-07,-0.0115,-2.12,-2.107718818,-1.81,-1.795126581,0.014288391,0.000585027,2.21,-0.00877
opp_H_2-4-6-OHBCl,c1(O)cc(O)cc(O)c1(Cl),Cl,OH,H,OH,-1.1,1.957068401,1.7324,4,-6.103,Cs,1.7321,-0.0003,4.002,0.002,-5.338,,3.1138,0.071,-6.083,0.0101,0.00723,-0.00126,-0.00597,0.0339,0.00126,2.32E-06,-0.0101,-0.76,-0.739228154,-0.48,-0.462444857,0.015388415,0.002166728,1.76,-0.00624
opp_H_2-4-6-SHBCl,c1(S)cc(S)cc(S)c1(Cl),Cl,SH,H,SH,7.3,1.952693521,1.7416,3.75,-6.073,C1,1.7393,-0.0023,3.799,0.049,-5.334,,3.077,0.089,-6.309,0.011,0.00781,-0.00136,-0.00645,0.0366,0.00136,4.70E-07,-0.011,-1.69,-1.675709903,-1.38,-1.364285091,0.014589596,0.001125313,1.98,-0.00748
opp_H_2-6_3-5_4-SHBCl,c1(S)c(S)c(S)c(S)c(S)c1(Cl),Cl,SH,SH,SH,8.1,1.951080865,1.7433,3.69,-6.286,C1,1.7409,-0.0024,3.738,0.048,-5.473,,3.0651,0.09,-6.487,0.0112,0.008,-0.00139,-0.00661,0.0375,0.00139,3.26E-06,-0.0112,-1.81,-1.791159101,-1.48,-1.466131601,0.01255019,0.001318209,1948.52,-0.00766
opp_H_2-6_3-5-SHBCl,c1(S)c(S)cc(S)c(S)c1(Cl),Cl,SH,SH,H,8.9,1.951282137,1.7432,3.682,-6.609,C1,1.7408,-0.0024,3.731,0.049,-5.745,,3.0659,0.09,-6.438,0.0112,0.00798,-0.00138,-0.0066,0.0375,0.00138,3.43E-06,-0.0112,-1.85,-1.831802891,-1.53,-1.51621713,0.012688242,0.001094628,2.06,-0.00811
opp_H_2-6_OH_3-5_CN_4_NO2BCl,c1(O)c(C#N)c(N(=O)=O)c(C#N)c(O)c1(Cl),Cl,OH,CN,NO2,20.8,1.935471382,1.7178,4.203,-8.616,C1,1.7182,0.0004,4.15,-0.053,-7.565,,2.9996,0.109,-6.604,0.0126,0.00917,-0.00154,-0.00762,0.0428,0.00154,1.92E-06,-0.0126,-2.96,-2.937298927,-2.62,-2.60200629,0.018241701,-0.000247992,2.68,-0.01113
opp_H_2-6_OH_3-5_F_4_NO2BCl,c1(O)c(F)c(N(=O)=O)c(F)c(O)c1(Cl),Cl,OH,F,NO2,14.6,1.941036801,1.7208,4.16,-8.173,C1,1.7208,0,4.124,-0.036,-7.278,,3.0304,0.095,-6.332,0.0119,0.00859,-0.00146,-0.00713,0.0402,0.00146,1.83E-06,-0.0119,-2.31,-2.290091904,-1.99,-1.968966384,0.020519561,0.000514056,2.39,-0.00957
opp_H_2-6_OH_3-5_NO2_4_CNBCl,c1(O)c(N(=O)=O)c(C#N)c(N(=O)=O)c(O)c1(Cl),Cl,OH,NO2,CN,19.8,1.935461743,1.7179,4.202,-8.302,C1,1.7185,0.0006,4.145,-0.057,-7.201,,3.0015,0.108,-6.71,0.0126,0.00913,-0.00154,-0.00758,0.0427,0.00154,1.24E-06,-0.0126,-2.87,-2.852572595,-2.53,-2.510921891,0.019214341,-0.000136232,2.65,-0.01097
opp_H_2-6_OH_3-5_NO2_4_FBCl,c1(O)c(N(=O)=O)c(F)c(N(=O)=O)c(O)c1(Cl),Cl,OH,NO2,F,15.3,1.939003934,1.7229,4.163,-6.728,C1,1.7238,0.0009,4.111,-0.052,-5.533,,3.0212,0.098,-6.964,0.0121,0.00875,-0.00149,-0.00726,0.041,0.00149,6.20E-07,-0.0121,-2.42,-2.400834781,-2.09,-2.068536414,0.021128245,0.000335341,2.47,-0.01005
opp_H_2-6_OH_4_NH2_3-5_CNBCl,c1(O)c(C#N)c(N)c(C#N)c(O)c1(Cl),Cl,OH,CN,NH2,9.5,1.945341655,1.7272,4.118,-6.082,C1,1.7277,0.0005,4.089,-0.029,-5.009,,3.0574,0.09,-6.735,0.0113,0.00813,-0.00139,-0.00674,0.0381,0.00139,3.81E-06,-0.0113,-1.8,-1.784720853,-1.5,-1.481894719,0.016986682,0.001118598,2.18,-0.00871
opp_H_2-6_OH_4_NH2_3-5_FBCl,c1(O)c(F)c(N)c(F)c(O)c1(Cl),Cl,OH,F,NH2,2.5,1.950951356,1.7286,4.097,-6.047,C1,1.7286,0,4.082,-0.015,-5.189,,3.0892,0.093,-6.436,0.0106,0.0076,-0.00132,-0.00628,0.0357,0.00132,1.32E-06,-0.0106,-1.17,-1.15362407,-0.88,-0.858738849,0.01849898,0.002762171,1.92,-0.00727
opp_H_2-6_opp_H_3-5_4-SHBCl,c1(S)c(S)c(S)c(S)c(S)c1(Cl),Cl,SH,SH,SH,8.2,1.951140088,1.7432,3.689,-6.26,C1,1.7409,-0.0023,3.739,0.05,-5.423,,3.0658,0.09,-6.472,0.0112,0.00798,-0.00138,-0.0066,0.0374,0.00138,1.96E-06,-0.0112,-1.81,-1.793631488,-1.49,-1.475942846,0.012807469,0.001249685,1492.53,-0.00761
opp_H_2-6_opp_H_3-5-SHBCl,c1(S)c(S)cc(S)c(S)c1(Cl),Cl,SH,SH,H,7.6,1.951140506,1.7412,3.713,-6.98,C1,1.739,-0.0022,3.732,0.019,-6.207,,3.0668,0.096,-6.552,0.0112,0.00797,-0.00138,-0.00659,0.0374,0.00138,5.87E-07,-0.0112,-1.78,-1.768106472,-1.47,-1.459647599,0.008433728,0.001918673,2.07,-0.00808
opp_H_2-6_SH_3-5_CN_4_NO2BCl,c1(S)c(C#N)c(N(=O)=O)c(C#N)c(S)c1(Cl),Cl,SH,CN,NO2,25.3,1.936889347,1.7325,3.89,-7.244,C1,1.7312,-0.0013,3.896,0.006,-6.172,,2.9912,0.115,-6.95,0.0129,0.00933,-0.00158,-0.00775,0.0437,0.00158,1.74E-06,-0.0129,-3.44,-3.419427027,-3.08,-3.062675906,0.017670667,-0.000346573,2.73,-0.01156
opp_H_2-6_SH_3-5_F_4_NO2BCl,c1(S)c(F)c(N(=O)=O)c(F)c(S)c1(Cl),Cl,SH,F,NO2,19.1,1.9412428,1.7328,3.891,-7.137,C1,1.7311,-0.0017,3.905,0.014,-6.258,,3.015,0.103,-6.638,0.0123,0.00887,-0.00152,-0.00736,0.0416,0.00152,7.55E-07,-0.0123,-2.84,-2.823468704,-2.51,-2.491835294,0.018335828,-0.000171122,2.5,-0.01029
opp_H_2-6_SH_3-5_NO2_4_CNBCl,c1(S)c(N(=O)=O)c(C#N)c(N(=O)=O)c(S)c1(Cl),Cl,SH,NO2,CN,25.6,1.935195116,1.7312,3.885,-7.335,C1,1.7299,-0.0013,3.887,0.002,-6.258,,2.9854,0.117,-6.867,0.0131,0.00944,-0.0016,-0.00784,0.0442,0.0016,2.63E-06,-0.0131,-3.49,-3.473386568,-3.14,-3.121375832,0.018975887,-0.000351719,2.78,-0.01187
opp_H_2-6_SH_3-5_NO2_4_FBCl,c1(S)c(N(=O)=O)c(F)c(N(=O)=O)c(S)c1(Cl),Cl,SH,NO2,F,21.2,1.938615688,1.7359,3.852,-6.189,C1,1.7349,-0.001,3.857,0.005,-5.079,,3.0044,0.108,-7.038,0.0126,0.00907,-0.00155,-0.00752,0.0425,0.00155,1.48E-06,-0.0126,-3.04,-3.020249408,-2.69,-2.672339937,0.017915396,-0.000255334,2.59,-0.01086
opp_H_2-6_SH_4_NH2_3-5_CNBCl,c1(S)c(C#N)c(N)c(C#N)c(S)c1(Cl),Cl,SH,CN,NH2,7.8,1.950090301,1.7395,3.826,-5.431,C1,1.7379,-0.0016,3.855,0.029,-4.663,,3.0679,0.09,-6.527,0.0111,0.00795,-0.00138,-0.00657,0.0373,0.00138,2.51E-06,-0.0111,-1.77,-1.749222641,-1.46,-1.442646852,0.016164645,0.001188503,2.04,-0.00791
opp_H_2-6_SH_4_NH2_3-5_FBCl,c1(S)c(F)c(N)c(F)c(S)c1(Cl),Cl,SH,F,NH2,14.8,1.944704755,1.7397,3.831,-5.554,C1,1.7385,-0.0012,3.853,0.022,-4.571,,3.0404,0.094,-6.884,0.0118,0.00842,-0.00145,-0.00698,0.0395,0.00145,1.32E-06,-0.0118,-2.38,-2.347396072,-2.04,-2.00675486,0.033082301,0.000162839,2.27,-0.00926
opp_H_2-6-OHBCl,c1(O)cccc(O)c1(Cl),Cl,OH,H,H,-0.3,1.957046847,1.7317,3.973,-7.038,Cs,1.731,-0.0007,3.983,0.01,-6.339,,3.1175,0.069,-5.909,0.0101,0.00717,-0.00125,-0.00592,0.0337,0.00125,5.73E-07,-0.0101,-0.84,-0.824901398,-0.57,-0.551512817,0.015441754,0.003045429,1.75,-0.0064
opp_H_2-6-SHBCl,c1(S)cccc(S)c1(Cl),Cl,SH,H,H,6.3,1.95449732,1.7428,3.708,-6.383,Cs,1.7403,-0.0025,3.759,0.051,-5.683,,3.0822,0.088,-6.247,0.0109,0.00772,-0.00134,-0.00637,0.0362,0.00134,1.72E-06,-0.0109,-1.6,-1.586791807,-1.29,-1.27367032,0.015072778,0.001256902,1.93,-0.00726
opp_H_3-4-5-OHBCl,c1c(O)c(O)c(O)cc1(Cl),Cl,H,OH,OH,4.1,1.962510052,1.7475,3.708,-8.416,Cs,1.7467,-0.0008,3.671,-0.037,-8.314,,3.1378,0.059,-4.023,0.00853,0.00631,-0.00114,-0.00517,0.0298,0.00114,9.78E-07,-0.00853,-1.37,-1.36999562,-1.06,-1.05596913,0.001708708,0.002322162,0.53,-0.00232
opp_H_3-4-5-SHBCl,c1c(S)c(S)c(S)cc1(Cl),Cl,H,SH,SH,8.2,1.957147178,1.7432,3.748,-9.799,C1,1.7405,-0.0027,3.798,0.05,-9.151,,3.1099,0.075,-5.531,0.0103,0.0073,-0.00127,-0.00603,0.0343,0.00127,1.33E-06,-0.0103,-1.5,-1.489080044,-1.24,-1.224648419,0.014784124,0.000567457,1.82,-0.00681
opp_H_3-5-OHBCl,c1c(O)cc(O)cc1(Cl),Cl,H,OH,H,3.5,1.961511945,1.7459,3.662,-9.618,Cs,1.7449,-0.001,3.718,0.056,-9.412,,3.1388,0.061,-3.945,0.00856,0.00629,-0.00112,-0.00518,0.0297,0.00112,1.05E-06,-0.00856,-1.28,-1.278037931,-0.97,-0.966309554,0.002149847,0.001540599,0.56,-0.00242
opp_H_3-5-SHBCl,c1c(S)cc(S)cc1(Cl),Cl,H,SH,H,7,1.958938774,1.7448,3.708,-9.929,C1,1.742,-0.0028,3.764,0.056,-9.257,,3.1168,0.072,-5.485,0.0102,0.00719,-0.00125,-0.00594,0.0338,0.00125,3.88E-06,-0.0102,-1.4,-1.387770894,-1.13,-1.115276933,0.01420054,0.000522527,1.76,-0.00657