Donor,molecule,interacting halogen,ortho,meta,para,V$_{S}$$_{max}$,V$_{max}$(r),R$^{donor}_{C-X}$,k$^{a}$$^{donor}$$_{C-X}$,$\mu^{donor}_{C-X}$,Complex Symmetry,R$^{complex}_{C-X}$,$\Delta$R$_{C-X}$,k$^{a}$$^{complex}$$_{C-X}$,$\Delta$k$^{a}_{C-X}$,$\mu^{complex}_{C-X}$,R$_{X\cdots N}$,k$^{a}_{X\cdots N}$,$\mu_{X\cdots N}$,$\rho^{BCP}$,G(r)$^{BCP}$,K(r)$^{BCP}$,V(r)$^{BCP}$,$\nabla^{2} \rho^{BCP}$,H(r)$^{BCP}$,RDG,sign$\lambda_{2}* \rho$,E$_{int}$,E$_{bind}$,E$^{CP}_{int}$,E$^{CP}_{bind}$,E$^{donor}_{def}$,E$^{NH_3}_{def}$,E(2),$\Delta \rho$
2-3-4-5-6-BH2BI,c1(B)c(B)c(B)c(B)c(B)c1(I),I,BH2,BH2,BH2,19.1,2.221020582,2.1198,2.266,-14.259,C1,2.1215,0.0017,2.292,0.026,-12.213,3.1003,0.144,-13.089,0.0153,0.0102,-0.00102,-0.00915,0.0448,0.00102,3.27E-06,-0.0153,-4.57,-4.506600413,-4.12,-4.056003067,0.061257477,0.002739455,5.85,-0.0271
2-3-4-5-6-ClBI,c1(Cl)c(Cl)c(Cl)c(Cl)c(Cl)c1(I),I,Cl,Cl,Cl,29.7,2.176820943,2.0974,2.631,-5.97,C1,2.1135,0.0161,2.436,-0.195,-2.161,2.9679,0.167,-14.546,0.019182872,0.013070666,-0.00093399,-0.012136676,0.056018649,0.00093399,1.17E-06,-0.019182872,-6.78,-6.66159291,-6.28,-6.163219478,0.112079472,0.00470105,7.33,-0.04162
2-3-4-5-6-CNBI,c1(C#N)c(C#N)c(C#N)c(C#N)c(C#N)c1(I),I,CN,CN,CN,47.6,2.153213846,2.0841,2.775,-9.132,C1,2.1082,0.0241,2.41,-0.365,-4.677,2.8522,0.224,-15.669,0.024129038,0.016325376,-0.000493644,-0.015831732,0.067276166,0.000493644,7.76E-07,-0.024129038,-10.21,-10.01774715,-9.63,-9.438191493,0.187961686,0.003846821,105.96,-0.06179
2-3-4-5-6-FBI,c1(F)c(F)c(F)c(F)c(F)c1(I),I,F,F,F,33,2.169917024,2.0837,2.847,-4.094,C1,2.1022,0.0185,2.589,-0.258,-0.009,2.9523,0.176,-14.346,0.019720603,0.013456416,-0.000910165,-0.012546251,0.057466352,0.000910165,3.34E-07,-0.019720603,-7.29,-7.151659005,-6.78,-6.642111815,0.133546572,0.004341613,9.33,-0.04337
2-3-4-5-6-NH2BI,c1(N)c(N)c(N)c(N)c(N)c1(I),I,NH2,NH2,NH2,16.1,2.228883435,2.1191,2.354,-6.522,C1,2.1222,0.0031,2.374,0.02,-4.261,3.1547,0.12,-12.973,0.0139,0.00921,-0.00102,-0.00819,0.0409,0.00102,1.53E-06,-0.0139,-3.85,-3.789480046,-3.43,-3.373061733,0.054775932,0.002162335,5.28,-0.02191
2-3-4-5-6-OHBI,c1(O)c(O)c(O)c(O)c(O)c1(I),I,OH,OH,OH,30,2.207079188,2.1057,2.52,-4.203,C1,2.1124,0.0067,2.492,-0.028,-1.353,3.0783,0.159,-13.509,0.016,0.0106,-0.00101,-0.00963,0.0466,0.00101,2.36E-09,-0.016,-5.65,-5.58128887,-5.21,-5.137840612,0.071745044,0.000414345,6.6,-0.02891
2-3-4-5-6-SHBI,c1(S)c(S)c(S)c(S)c(S)c1(I),I,SH,SH,SH,28,2.210015596,2.1212,2.293,-6.14,C1,2.1279,0.0067,2.279,-0.014,-3.113,3.0557,0.161,-14.032,0.0166,0.0111,-0.000987,-0.0101,0.0484,0.000987,2.24E-06,-0.0166,-5.77,-5.587886505,-5.29,-5.112273245,0.176537247,0.001189507,,-0.03175
2-3-5-6-BH2BI,c1(B)c(B)cc(B)c(B)c1(I),I,BH2,BH2,H,20.3,2.230603685,2.1294,2.245,-11.207,C1,2.1279,-0.0015,2.335,0.09,-8.756,3.1216,0.137,-12.882,0.0149,0.00979,-0.00101,-0.00878,0.0432,0.00101,7.67E-07,-0.0149,-4.55,-4.494380293,-4.12,-4.060330373,0.0581124,0.001557228,5.9,-0.02518
2-3-5-6-ClBI,c1(Cl)c(Cl)cc(Cl)c(Cl)c1(I),I,Cl,Cl,H,28.3,2.179416019,2.0982,2.618,-6.429,C1,2.1133,0.0151,2.441,-0.177,-2.785,2.9787,0.165,-14.212,0.018811714,0.012802149,-0.00095211,-0.011850039,0.055017062,0.00095211,1.64E-06,-0.018811714,-6.55,-6.438205803,-6.05,-5.939097736,0.105942429,0.004959835,8.77,-0.04029
2-3-5-6-CN-4-CF3BI,c1(C#N)c(C#N)c(C(F)(F)F)c(C#N)c(C#N)c1(I),I,CN,CN,CF3,45.4,2.154657947,2.0854,2.765,-8.826,C1,2.1088,0.0234,2.417,-0.348,-4.433,2.8596,0.223,-15.424,0.023763595,0.01609585,-0.000538219,-0.015557631,0.066536356,0.000538219,1.53E-06,-0.023763595,-9.92,-9.730177116,-9.35,-9.160107342,0.185667511,0.004225147,74.2,-0.06027
2-3-5-6-CN-4-NO2BI,c1(C#N)c(C#N)c(N(=O)=O)c(C#N)c(C#N)c1(I),I,CN,CN,NO2,47.9,2.151747078,2.0847,2.778,-8.953,C1,2.1096,0.0249,2.398,-0.38,-4.451,2.8473,0.225,-15.614,0.024353666,0.016472951,-0.000466032,-0.016006918,0.067756023,0.000466032,7.83E-07,-0.024353666,-10.32,-10.12141674,-9.75,-9.549073968,0.19681208,0.004113952,13.97,-0.06287
2-3-5-6-CNBI,c1(C#N)c(C#N)cc(C#N)c(C#N)c1(I),I,CN,CN,H,42,2.158636404,2.0879,2.753,-8.346,C1,2.1091,0.0212,2.45,-0.303,-4.221,2.8802,0.217,-15.11,0.022821416,0.01547197,-0.0006396,-0.01483237,0.064446346,0.0006396,2.87E-06,-0.022821416,-9.3,-9.134039954,-8.74,-8.575158274,0.160568386,0.00427334,11.43,-0.05728
2-3-5-6-F-4-CF3BI,c1(F)c(F)c(C(F)(F)F)c(F)c(F)c1(I),I,F,F,CF3,35.9,2.167132713,2.0817,2.846,-5.816,C1,2.101,0.0193,2.567,-0.279,-1.628,2.9373,0.185,-14.611,0.020316878,0.01385179,-0.000870203,-0.012981587,0.058888011,0.000870203,1.74E-06,-0.020316878,-7.74,-7.58503589,-7.23,-7.07782813,0.148443647,0.003728222,9.74,-0.04573
2-3-5-6-F-4-NO2BI,c1(F)c(F)c(N(=O)=O)c(F)c(F)c1(I),I,F,F,NO2,38.7,2.163719873,2.0812,2.851,-5.953,C1,2.1019,0.0207,2.546,-0.305,-1.606,2.921,0.194,-14.905,0.020967449,0.014290693,-0.000822702,-0.01346799,0.060453622,0.000822702,2.39E-06,-0.020967449,-8.18,-8.016994605,-7.66,-7.497093953,0.159431339,0.003474708,10.27,-0.0485
2-3-5-6-FBI,c1(F)c(F)cc(F)c(F)c1(I),I,F,F,H,30.6,2.173709529,2.084,2.831,-5.149,C1,2.1009,0.0169,2.599,-0.232,-1.322,2.9687,0.171,-14.115,0.019132465,0.013042885,-0.000942984,-0.012099901,0.055943504,0.000942984,1.57E-06,-0.019132465,-6.92,-6.798614002,-6.42,-6.294997347,0.120505669,0.004496984,8.84,-0.04091
2-3-5-6-NH2BI,c1(N)c(N)cc(N)c(N)c1(I),I,NH2,NH2,H,16.2,2.227444899,2.1174,2.361,-8.121,C1,2.1206,0.0032,2.38,0.019,-5.916,3.1479,0.123,-12.812,0.0141,0.00932,-0.00102,-0.0083,0.0414,0.00102,1.76E-06,-0.0141,-3.94,-3.880985364,-3.53,-3.473499735,0.054077514,0.002422751,5.36,-0.02238
2-3-5-6-OHBI,c1(O)c(O)cc(O)c(O)c1(I),I,OH,OH,H,30.7,2.20795611,2.1087,2.48,-6.178,C1,2.115,0.0063,2.458,-0.022,-3.36,3.0756,0.16,-13.375,0.0161,0.0107,-0.001,-0.00969,0.0468,0.001,6.12E-10,-0.0161,-5.75,-5.680131657,-5.31,-5.237803652,0.071871173,0.000325175,6.64,-0.02938
2-3-5-6-SHBI,c1(S)c(S)cc(S)c(S)c1(I),I,SH,SH,H,27.4,2.209367574,2.1209,2.3,-7.362,Cs,2.1274,0.0065,2.285,-0.015,-4.484,3.0585,0.16,-13.688,0.0165,0.011,-0.000992,-0.01,0.0481,0.000992,2.03E-06,-0.0165,-5.7,-5.622901535,-5.23,-5.157157442,0.071881213,0.000961345,7.25,-0.03164
2-4-6_BH2_3-5_CNBI,c1(B)c(C#N)c(B)c(C#N)c(B)c1(I),I,BH2,CN,BH2,33.1,2.206399597,2.1197,2.358,-12.143,Cs,2.1235,0.0038,2.374,0.016,-9.452,3.0287,0.165,-13.814,0.0176,0.0117,-0.000951,-0.0107,0.0504,0.000951,2.90E-06,-0.0176,-6.53,-6.4488697,-6.04,-5.955110076,0.084385595,0.000504329,7.46,-0.03569
2-4-6_BH2_3-5_FBI,c1(B)c(F)c(B)c(F)c(B)c1(I),I,BH2,F,BH2,23.2,2.206841853,2.1199,2.308,-12.854,C1,2.1256,0.0057,2.278,-0.03,-10.728,3.0587,0.158,-13.251,0.0164,0.011,-0.00101,-0.00998,0.048,0.00101,1.33E-06,-0.0164,-5.29,-5.220858709,-4.82,-4.747845883,0.069105111,0.003049006,6.82,-0.03131
2-4-6_BH2_3-5_NO2BI,c1(B)c(N(=O)=O)c(B)c(N(=O)=O)c(B)c1(I),I,BH2,NO2,BH2,27.9,2.201081176,2.1029,2.576,-10.971,C1,2.1093,0.0064,2.552,-0.024,-8.167,3.039,0.164,-13.825,0.0171,0.0114,-0.00099,-0.0104,0.0496,0.00099,3.64E-07,-0.0171,-5.94,-5.866732902,-5.49,-5.41395683,0.074140247,0.001902923,7.19,-0.03321
2-4-6_NH2_3-5_CNBI,c1(N)c(C#N)c(N)c(C#N)c(N)c1(I),I,NH2,CN,NH2,28.5,2.208844276,2.1062,2.518,-4.395,C1,2.113,0.0068,2.492,-0.026,-1.484,3.0844,0.155,-13.736,0.0157,0.0105,-0.00102,-0.00949,0.0461,0.00102,2.43E-06,-0.0157,-5.4,-5.334262853,-4.94,-4.874485373,0.064986139,0.000528489,6.67,-0.02821
2-4-6_NH2_3-5_FBI,c1(N)c(F)c(N)c(F)c(N)c1(I),I,NH2,F,NH2,20,2.215355738,2.1048,2.531,-4.55,Cs,2.1108,0.006,2.509,-0.022,-2.161,3.1155,0.139,-13.13,0.0148,0.0099,-0.00103,-0.00887,0.0437,0.00103,3.19E-06,-0.0148,-4.48,-4.413642411,-4.05,-3.988482106,0.059627208,0.001890686,5.93,-0.02478
2-4-6_NH2_3-5_NO2BI,c1(N)c(N(=O)=O)c(N)c(N(=O)=O)c(N)c1(I),I,NH2,NO2,NH2,31,2.208226166,2.1174,2.413,-4.304,C1,2.1253,0.0079,2.357,-0.056,-1.149,3.0669,0.161,-13.932,0.0163,0.0109,-0.000996,-0.00988,0.0475,0.000996,4.16E-07,-0.0163,-5.83,-5.752379586,-5.36,-5.28480767,0.074899534,0.000292796,83.4,-0.02971
2-4-6_OH_3-5_CNBI,c1(O)c(C#N)c(O)c(C#N)c(O)c1(I),I,OH,CN,OH,42.5,2.188212231,2.1039,2.573,-4.457,C1,2.1153,0.0114,2.473,-0.1,-0.81,3,0.172,-14.386,0.0185,0.0123,-0.000927,-0.0114,0.053,0.000927,8.83E-07,-0.0185,-7.6,-7.500918869,-7.12,-7.019524308,0.100517609,-4.19E-05,8.68,-0.03866
2-4-6_OH_3-5_FBI,c1(O)c(F)c(O)c(F)c(O)c1(I),I,OH,F,OH,33.4,2.199442622,2.105,2.549,-3.979,C1,2.1138,0.0088,2.485,-0.064,-0.955,3.049,0.167,-13.66,0.0168,0.0112,-0.000992,-0.0103,0.0489,0.000992,3.24E-06,-0.0168,-6.29,-6.212906675,-5.84,-5.76172754,0.078041474,0.000230986,7.28,-0.03217
2-4-6_SH_3-5_CNBI,c1(S)c(C#N)c(S)c(C#N)c(S)c1(I),I,SH,CN,SH,37.6,2.195297549,71.6315,2.402,-6.034,C1,2.1228,-69.5087,2.339,-0.063,-2.831,3.0068,0.168,-14.328,0.0182,0.0122,-0.000934,-0.0112,0.0524,0.000934,1.09E-06,-0.0182,-7.1,-7.003899343,-6.59,-6.498649363,0.091083004,0.000267633,8.63,-0.03818
2-4-6_SH_3-5_FBI,c1(S)c(F)c(S)c(F)c(S)c1(I),I,SH,F,SH,30.2,2.20318392,2.109,2.451,-5.659,C1,2.1176,0.0086,2.397,-0.054,-2.922,3.0423,0.165,-13.791,0.017,0.0114,-0.000982,-0.0104,0.0495,0.000982,2.93E-06,-0.017,-6.11,-6.0350435,-5.63,-5.556629581,0.072445972,0.000924447,7.61,-0.03321
2-4-6-BH2BI,c1(B)cc(B)cc(B)c1(I),I,BH2,H,BH2,18.2,2.21840485,2.1236,2.257,-13.546,C1,2.126,0.0024,2.274,0.017,-11.641,3.0995,0.144,-12.917,0.0153,0.0102,-0.00103,-0.00915,0.0448,0.00103,6.91E-10,-0.0153,-4.49,-4.429210294,-4.04,-3.977060672,0.059528061,0.003411267,5.97,-0.02702
2-4-6-ClBI,c1(Cl)cc(Cl)cc(Cl)c1(I),I,Cl,H,Cl,26.1,2.182217925,2.0944,2.67,-5.807,C1,2.1077,0.0133,2.518,-0.152,-2.593,3.0017,0.164,-13.937,0.018018637,0.012254936,-0.000988949,-0.011265987,0.052975555,0.000988949,7.10E-07,-0.018018637,-6.11,-6.002362805,-5.63,-5.526605134,0.098575467,0.004819398,8.2,-0.03688
2-4-6-CN-3-5-CF3BI,c1(C#N)c(C(F)(F)F)c(C#N)c(C(F)(F)F)c(C#N)c1(I),I,CN,CF3,CN,43.1,2.15693612,2.0864,2.746,-8.718,C1,2.1087,0.0223,2.417,-0.329,-4.602,2.8701,0.22,-15.285,0.023269427,0.015775552,-0.000594579,-0.015180973,0.065480597,0.000594579,1.06E-06,-0.023269427,-9.55,-9.344848633,-8.99,-8.781531806,0.203915487,0.004552707,0.37,-0.05772
2-4-6-CN-3-5-NO2BI,c1(C#N)c(N(=O)=O)c(C#N)c(N(=O)=O)c(C#N)c1(I),I,CN,NO2,CN,48.7,2.150161443,2.0831,2.779,-8.991,C1,2.1086,0.0255,2.381,-0.398,-4.353,2.8398,0.225,-15.704,0.024726691,0.016708148,-0.000418804,-0.016289344,0.068507906,0.000418804,1.45E-06,-0.024726691,-10.51,-10.30132371,-9.95,-9.738198852,0.20744209,0.004359057,488.62,-0.06436
2-4-6-CNBI,c1(C#N)cc(C#N)cc(C#N)c1(I),I,CN,H,CN,37,2.167785199,2.087,2.749,-8.506,C1,2.1041,0.0171,2.515,-0.234,-5.044,2.9201,0.198,-14.536,0.021152254,0.014340023,-0.000790298,-0.013549725,0.060521323,0.000790298,2.04E-06,-0.021152254,-8.25,-8.129323826,-7.73,-7.607079925,0.118922463,0.003997612,10.22,-0.04909
2-4-6-F-3-5-CF3BI,c1(F)c(C(F)(F)F)c(F)c(C(F)(F)F)c(F)c1(I),I,F,CF3,F,36.4,2.1650574,2.0821,2.866,-4.309,C1,2.1025,0.0204,2.574,-0.292,0.066,2.9294,0.189,-14.796,0.020598882,0.014064211,-0.000849951,-0.013214261,0.059656688,0.000849951,2.28E-07,-0.020598882,-7.91,-7.740306841,-7.38,-7.212720965,0.163491325,0.00378771,10.09,-0.0469
2-4-6-F-3-5-NO2BI,c1(F)c(N(=O)=O)c(F)c(N(=O)=O)c(F)c1(I),I,F,NO2,F,41.9,2.157402262,2.0825,2.857,-4.442,C1,2.1063,0.0238,2.506,-0.351,0.579,2.8936,0.209,-15.407,0.022079552,0.015056797,-0.000728915,-0.014327882,0.063142905,0.000728915,6.18E-07,-0.022079552,-8.85,-8.652831156,-8.32,-8.123687104,0.192645417,0.003667479,11.3,-0.05343
2-4-6-FBI,c1(F)cc(F)cc(F)c1(I),I,F,H,F,26.6,2.179594738,2.0848,2.837,-4.092,C1,2.0996,0.0148,2.649,-0.188,-0.6,3.0006,0.166,-13.881,0.01801379,0.012274395,-0.000992201,-0.011282194,0.053066402,0.000992201,1.90E-06,-0.01801379,-6.19,-6.080907542,-5.71,-5.602110911,0.103086633,0.004802456,8.1,-0.03647
2-4-6-NH2BI,c1(N)cc(N)cc(N)c1(I),I,NH2,H,NH2,14.4,2.227472586,2.1126,2.41,-5.134,C1,2.1162,0.0036,2.43,0.02,-2.993,3.1602,0.118,-12.781,0.0137,0.0091,-0.00102,-0.00808,0.0405,0.00102,1.97E-06,-0.0137,-3.69,-3.633828197,-3.28,-3.221894001,0.055034466,0.003071534,5.17,-0.02109
2-4-6-OHBI,c1(O)cc(O)cc(O)c1(I),I,OH,H,OH,27.2,2.210425486,2.1094,2.471,-4.43,C1,2.1154,0.006,2.457,-0.014,-1.761,3.0913,0.154,-13.289,0.0156,0.0104,-0.00102,-0.00937,0.0456,0.00102,2.94E-06,-0.0156,-5.36,-5.290559954,-4.92,-4.85313742,0.066206017,0.000656563,6.4,-0.02749
2-4-6-SHBI,c1(S)cc(S)cc(S)c1(I),I,SH,H,SH,25.5,2.212121731,2.1135,2.382,-5.847,C1,2.1196,0.0061,2.369,-0.013,-3.317,3.075,0.157,-13.531,0.016,0.0107,-0.00101,-0.0097,0.0468,0.00101,3.52E-06,-0.016,-5.39,-5.321797377,-4.91,-4.843651915,0.065260988,0.001087097,6.87,-0.02947
2-6_NH2_3-4-5_CNBI,c1(N)c(C#N)c(C#N)c(C#N)c(N)c1(I),I,NH2,CN,CN,38.6,2.197249507,2.1051,2.525,-6.772,C1,2.113,0.0079,2.473,-0.052,-3.604,3.0442,0.165,-14.024,0.017,0.0113,-0.000979,-0.0103,0.0492,0.000979,3.00E-06,-0.017,-6.72,-6.642459455,-6.24,-6.164649851,0.076908192,-0.001558043,7.68,-0.03355
2-6_NH2_3-4-5_FBI,c1(N)c(F)c(F)c(F)c(N)c1(I),I,NH2,F,F,25.7,2.20818669,2.1045,2.54,-5.744,Cs,2.1117,0.0072,2.502,-0.038,-3.196,3.088,0.153,-13.146,0.0156,0.0104,-0.00102,-0.00941,0.0458,0.00102,1.06E-06,-0.0156,-5.14,-5.076792568,-4.7,-4.63338629,0.065475596,0.001138114,6.47,-0.02764
2-6_NH2_3-5_CN_4_NO2BI,c1(N)c(C#N)c(N(=O)=O)c(C#N)c(N)c1(I),I,NH2,CN,NO2,38.9,2.195777419,2.1041,2.541,-6.791,C1,2.1135,0.0094,2.472,-0.069,-3.611,3.0305,0.169,-14.039,0.0174,0.0116,-0.000971,-0.0107,0.0504,0.000971,2.37E-06,-0.0174,-6.8,-6.722555458,-6.32,-6.24077065,0.079273275,-4.39E-05,7.99,-0.03476
2-6_NH2_3-5_F_4_NO2BI,c1(N)c(F)c(N(=O)=O)c(F)c(N)c1(I),I,NH2,F,NO2,31.3,2.201550474,2.1025,2.553,-7.029,C1,2.1107,0.0082,2.495,-0.058,-4.323,3.0588,0.163,-13.581,0.0165,0.011,-0.001,-0.01,0.0481,0.001,4.24E-07,-0.0165,-5.89,-5.812666683,-5.44,-5.363440766,0.075947475,0.000611759,6.75,-0.03097
2-6_NH2_3-5_NO2_4_CNBI,c1(N)c(N(=O)=O)c(C#N)c(N(=O)=O)c(N)c1(I),I,NH2,NO2,CN,39.6,2.19612737,2.1087,2.485,-6.616,C1,2.1187,0.01,2.408,-0.077,-3.368,3.0233,0.169,-14.21,0.0176,0.0118,-0.000955,-0.0108,0.051,0.000955,3.55E-06,-0.0176,-6.96,-6.872417277,-6.47,-6.384143272,0.085943701,-8.70E-05,8.17,-0.03574
2-6_NH2_3-5_NO2_4_FBI,c1(N)c(N(=O)=O)c(F)c(N(=O)=O)c(N)c1(I),I,NH2,NO2,F,35.7,2.200097826,2.1106,2.478,-5.518,C1,2.1198,0.0092,2.417,-0.061,-2.371,3.0427,0.167,-13.887,0.017,0.0114,-0.00098,-0.0104,0.0494,0.00098,7.78E-07,-0.017,-6.42,-6.341719943,-5.95,-5.868302718,0.081651536,4.57E-05,7.63,-0.0332
2-6_OH_3-5_BH2_4_CNBI,c1(O)c(B)c(C#N)c(B)c(O)c1(I),I,OH,BH2,CN,38.5,2.200758423,2.1155,2.396,-7.062,C1,2.1229,0.0074,2.368,-0.028,-3.694,3.035,0.169,-14.175,0.0174,0.0115,-0.000959,-0.0106,0.05,0.000959,2.53E-06,-0.0174,-6.87,-6.785176514,-6.4,-6.314580332,0.085515112,-9.54E-05,7.81,-0.03444
2-6_OH_3-5_BH2_4_FBI,c1(O)c(B)c(F)c(B)c(O)c1(I),I,OH,BH2,F,34.3,2.204913006,2.1156,2.408,-5.979,C1,2.1223,0.0067,2.389,-0.019,-2.781,3.0552,0.165,-13.825,0.0167,0.0111,-0.000985,-0.0101,0.0484,0.000985,7.95E-07,-0.0167,-6.32,-6.234399503,-5.85,-5.768825371,0.081115643,5.90E-05,7.29,-0.03178
2-6_OH_3-5_BH2_4_NO2BI,c1(O)c(B)c(N(=O)=O)c(B)c(O)c1(I),I,OH,BH2,NO2,38.9,2.19935085,2.1144,2.423,-6.63,C1,2.1224,0.008,2.385,-0.038,-3.19,3.0312,0.169,-14.112,0.0175,0.0116,-0.000958,-0.0107,0.0503,0.000958,6.14E-07,-0.0175,-6.94,-6.85293248,-6.47,-6.380617672,0.089460264,-7.79E-05,7.93,-0.03485
2-6_OH_3-5_CN_4_NO2BI,c1(O)c(C#N)c(N(=O)=O)c(C#N)c(O)c1(I),I,OH,CN,NO2,50.1,2.179113145,2.1028,2.582,-6.245,C1,2.1169,0.0141,2.435,-0.147,-2.225,2.9569,0.183,-14.829,0.02,0.0134,-0.000833,-0.0126,0.0569,0.000833,3.30E-06,-0.02,-8.76,-8.640852,-8.26,-8.13783394,0.12218865,-2.26E-05,10.04,-0.04524
2-6_OH_3-5_F_4_NO2BI,c1(O)c(F)c(N(=O)=O)c(F)c(O)c1(I),I,OH,F,NO2,42.3,2.18836174,2.1036,2.561,-5.979,C1,2.1148,0.0112,2.456,-0.105,-2.587,3.0011,0.172,-14.084,0.0184,0.0123,-0.000927,-0.0114,0.0529,0.000927,2.25E-06,-0.0184,-7.56,-7.457149454,-7.08,-6.980334674,0.099686159,-2.08E-05,8.54,-0.03856
2-6_OH_3-5_NH2_4_CNBI,c1(O)c(N)c(C#N)c(N)c(O)c1(I),I,OH,NH2,CN,32,2.206875732,2.1099,2.462,-7.342,C1,2.1164,0.0065,2.435,-0.027,-4.444,3.0662,0.162,-13.874,0.0164,0.0109,-0.000996,-0.00989,0.0475,0.000996,7.48E-07,-0.0164,-5.97,-5.895934056,-5.53,-5.451610258,0.078157563,0.000232179,6.88,-0.03052
2-6_OH_3-5_NH2_4_FBI,c1(O)c(N)c(F)c(N)c(O)c1(I),I,OH,NH2,F,27.1,2.211583777,2.1099,2.468,-5.999,C1,2.1158,0.0059,2.455,-0.013,-3.255,3.0901,0.154,-13.402,0.0156,0.0104,-0.00101,-0.00939,0.0457,0.00101,6.22E-07,-0.0156,-5.35,-5.283398188,-4.92,-4.849631963,0.069730111,0.000637926,6.35,-0.02774
2-6_OH_3-5_NH2_4_NO2BI,c1(O)c(N)c(N(=O)=O)c(N)c(O)c1(I),I,OH,NH2,NO2,33.2,2.20489328,2.1098,2.454,-8.17,C1,2.1165,0.0067,2.428,-0.026,-5.228,3.0576,0.165,-13.934,0.0166,0.0111,-0.000989,-0.0101,0.0482,0.000989,1.35E-06,-0.0166,-6.18,-6.092951332,-5.73,-5.642222465,0.087619151,0.000158383,7.06,-0.03155
2-6_OH_3-5_NO2_4_CNBI,c1(O)c(N(=O)=O)c(C#N)c(N(=O)=O)c(O)c1(I),I,OH,NO2,CN,50.5,2.178025359,2.1018,2.583,-6.118,C1,2.1164,0.0146,2.424,-0.159,-2.017,2.9511,0.186,-14.943,0.0203,0.0135,-0.000816,-0.0127,0.0574,0.000816,1.79E-06,-0.0203,-8.88,-8.757618967,-8.38,-8.256815869,0.123180115,4.02E-06,10.15,-0.0461
2-6_OH_3-5_NO2_4_FBI,c1(O)c(N(=O)=O)c(F)c(N(=O)=O)c(O)c1(I),I,OH,NO2,F,46.5,2.181919296,2.1038,2.576,-4.911,C1,2.1172,0.0134,2.44,-0.136,-1.005,2.9723,0.177,-14.46,0.0195,0.013,-0.000872,-0.0121,0.0555,0.000872,2.21E-06,-0.0195,-8.27,-8.156634294,-7.79,-7.674090712,0.115926105,-1.68E-05,9.45,-0.04272
2-6_OH_4_NH2_3-5_CNBI,c1(O)c(C#N)c(N)c(C#N)c(O)c1(I),I,OH,CN,NH2,38.9,2.192692754,2.1038,2.569,-3.438,C1,2.1141,0.0103,2.487,-0.082,0.052,3.0194,0.171,-14.384,0.0178,0.0119,-0.000958,-0.0109,0.0514,0.000958,1.70E-06,-0.0178,-7.08,-6.990768706,-6.61,-6.51917051,0.090813175,1.63E-05,8.13,-0.03593
2-6_OH_4_NH2_3-5_FBI,c1(O)c(F)c(N)c(F)c(O)c1(I),I,OH,F,NH2,30.4,2.203119089,2.1049,2.545,-3.204,C1,2.113,0.0081,2.492,-0.053,-0.328,3.0637,0.163,-13.704,0.0164,0.0109,-0.001,-0.00993,0.0478,0.001,1.32E-06,-0.0164,-5.91,-5.833777358,-5.47,-5.393418176,0.076059799,0.000522025,6.93,-0.03038
2-6_opp_H_3-5_4-OHBI,c1(O)c(O)c(O)c(O)c(O)c1(I),I,OH,OH,OH,28.2,2.208539135,2.1075,2.501,-4.62,Cs,2.1141,0.0066,2.474,-0.027,-1.819,3.081,0.158,-13.482,0.0159,0.0106,-0.00101,-0.00957,0.0464,0.00101,1.29E-09,-0.0159,-5.54,-5.472317453,-5.1,-5.029203437,0.070235883,0.00056068,6.54,-0.02857
2-6_opp_H_3-5_4-SHBI,c1(S)c(S)c(S)c(S)c(S)c1(I),I,SH,SH,SH,27.4,2.20969065,2.1208,2.298,-6.312,C1,2.1278,0.007,2.28,-0.018,-3.4,3.0556,0.161,-14.03,0.0166,0.0111,-0.000987,-0.0101,0.0484,0.000987,2.00E-06,-0.0166,-5.75,-5.678348275,-5.27,-5.195669429,0.073092307,0.001238264,,-0.03174
2-6_opp_H_3-5-OHBI,c1(O)c(O)c(O)c(O)c(O)c1(I),I,OH,OH,H,27,2.210010592,2.1111,2.454,-6.591,C1,2.1173,0.0062,2.432,-0.022,-3.894,3.0812,0.158,-13.365,0.0159,0.0106,-0.00101,-0.00957,0.0464,0.00101,3.40E-06,-0.0159,-5.51,-5.438939595,-5.07,-5.000225399,0.068991532,0.000783069,6.52,-0.02862
2-6_opp_H_3-5-SHBI,c1(S)c(S)c(S)c(S)c(S)c1(I),I,SH,SH,H,23.8,2.206541568,2.1132,2.393,-7.908,C1,2.121,0.0078,2.35,-0.043,-5.116,3.061,0.159,-13.674,0.0164,0.011,-0.00101,-0.00996,0.0479,0.00101,5.56E-07,-0.0164,-5.39,-5.296075762,-4.94,-4.841127093,0.096391734,0.002481173,6.82,-0.03085
2-6_SH_3-5_BH2_4_CNBI,c1(S)c(B)c(C#N)c(B)c(S)c1(I),I,SH,BH2,CN,33.5,2.207262207,72.0707,2.397,-7.8,C1,2.1318,-69.9389,2.225,-0.172,-4.849,3.0366,0.165,-13.947,0.0172,0.0115,-0.00096,-0.0106,0.0499,0.00096,2.52E-06,-0.0172,-6.42,-6.341594441,-5.93,-5.847211103,0.082461023,0.000327874,7.87,-0.03458
2-6_SH_3-5_BH2_4_FBI,c1(S)c(B)c(F)c(B)c(S)c1(I),I,SH,BH2,F,29.4,2.210591835,71.9449,2.346,-6.768,C1,2.1315,-69.8134,2.253,-0.093,-3.954,3.0551,0.162,-13.655,0.0166,0.0111,-0.000983,-0.0101,0.0484,0.000983,1.02E-06,-0.0166,-5.91,-5.832301455,-5.42,-5.341418115,0.077867654,0.000714231,7.38,-0.03209
2-6_SH_3-5_BH2_4_NO2BI,c1(S)c(B)c(N(=O)=O)c(B)c(S)c1(I),I,SH,BH2,NO2,30.2,2.202761203,2.1067,2.435,-9.639,C1,2.1141,0.0074,2.389,-0.046,-7.108,3.0427,0.164,-13.772,0.017,0.0114,-0.000987,-0.0104,0.0494,0.000987,1.98E-06,-0.017,-6.05,-5.963632919,-5.58,-5.496717567,0.082147269,0.001135165,7.16,-0.03321
2-6_SH_3-5_CN_4_NO2BI,c1(S)c(C#N)c(N(=O)=O)c(C#N)c(S)c1(I),I,SH,CN,NO2,44.3,2.187794423,71.8737,2.359,-7.41,C1,2.1236,-69.7501,2.312,-0.047,-3.977,2.9715,0.173,-14.416,0.0194,0.013,-0.000867,-0.0122,0.0556,0.000867,1.89E-06,-0.0194,-8.05,-7.939120676,-7.53,-7.418936654,0.111012706,5.06E-05,9.61,-0.04404
2-6_SH_3-5_F_4_NO2BI,c1(S)c(F)c(N(=O)=O)c(F)c(S)c1(I),I,SH,F,NO2,37.6,2.194636551,2.1077,2.46,-7.265,C1,2.1183,0.0106,2.372,-0.088,-4.327,3.0052,0.168,-13.823,0.0182,0.0122,-0.000933,-0.0113,0.0526,0.000933,8.41E-07,-0.0182,-7.11,-7.014102647,-6.61,-6.518768527,0.090869651,0.000361822,8.19,-0.0383
2-6_SH_3-5_NH2_4_CNBI,c1(S)c(N)c(C#N)c(N)c(S)c1(I),I,SH,NH2,CN,20.2,2.205606566,2.112,2.431,-8.854,Cs,2.1198,0.0078,2.377,-0.054,-6.317,3.0611,0.156,-13.617,0.0163,0.011,-0.00102,-0.00993,0.0479,0.00102,6.06E-07,-0.0163,-4.94,-4.857697626,-4.49,-4.411069722,0.074152798,0.004777481,18.23,-0.02973
2-6_SH_3-5_NH2_4_FBI,c1(S)c(N)c(F)c(N)c(S)c1(I),I,SH,NH2,F,18.2,2.210050663,2.1117,2.442,-7.347,Cs,2.1182,0.0065,2.413,-0.029,-4.911,3.0849,0.149,-13.212,0.0156,0.0105,-0.00103,-0.00944,0.046,0.00103,1.69E-06,-0.0156,-4.63,-4.542982786,-4.21,-4.120146664,0.086144504,0.003708832,6.25,-0.02789
2-6_SH_3-5_NH2_4_NO2BI,c1(S)c(N)c(N(=O)=O)c(N)c(S)c1(I),I,SH,NH2,NO2,21.7,2.203321063,2.1134,2.409,-9.516,C1,2.1216,0.0082,2.35,-0.059,-6.951,3.0517,0.158,-13.659,0.0165,0.0112,-0.00101,-0.0101,0.0486,0.00101,1.84E-06,-0.0165,-5.15,-5.064430631,-4.7,-4.61574317,0.079750182,0.004506648,1.05,-0.03121
2-6_SH_3-5_NO2_4_CNBI,c1(S)c(N(=O)=O)c(C#N)c(N(=O)=O)c(S)c1(I),I,SH,NO2,CN,43.2,2.183681779,2.1079,2.443,-7.668,Cs,2.1222,0.0143,2.299,-0.144,-4.162,2.9607,0.175,-14.525,0.0198,0.0133,-0.000859,-0.0124,0.0565,0.000859,6.33E-07,-0.0198,-8.04,-7.921456284,-7.54,-7.423450339,0.116396737,0.000152924,9.43,-0.04474
2-6_SH_3-5_NO2_4_FBI,c1(S)c(N(=O)=O)c(F)c(N(=O)=O)c(S)c1(I),I,SH,NO2,F,39.3,2.187295542,2.1113,2.436,-6.406,Cs,2.1245,0.0132,2.314,-0.122,-3.046,2.9809,0.169,-14.136,0.019,0.0128,-0.000904,-0.0119,0.0547,0.000904,1.80E-06,-0.019,-7.47,-7.36770425,-6.99,-6.882866433,0.106701715,0.000431852,8.9,-0.04161
2-6_SH_4_NH2_3-5_CNBI,c1(S)c(C#N)c(N)c(C#N)c(S)c1(I),I,SH,CN,NH2,33.8,2.199752479,71.532,2.398,-4.795,C1,2.1222,-69.4098,2.363,-0.035,-1.76,3.0271,0.167,-14.121,0.0175,0.0117,-0.000965,-0.0108,0.0507,0.000965,1.22E-06,-0.0175,-6.56,-6.472919629,-6.06,-5.976090497,0.083414838,0.000494666,8.07,-0.03533
2-6_SH_4_NH2_3-5_FBI,c1(S)c(F)c(N)c(F)c(S)c1(I),I,SH,F,NH2,26.5,2.207446025,2.1097,2.448,-4.567,C1,2.1175,0.0078,2.409,-0.039,-2.011,3.0611,0.161,-13.546,0.0164,0.011,-0.001,-0.00999,0.0479,0.001,7.19E-07,-0.0164,-5.61,-5.541199798,-5.14,-5.06786772,0.070783072,0.001349208,7.14,-0.03085
2-6-BH2BI,c1(B)cccc(B)c1(I),I,BH2,H,H,15,2.22160514,2.1278,2.246,-11.978,C1,2.1304,0.0026,2.267,0.021,-10.031,3.1145,0.136,-12.625,0.0148,0.00989,-0.00103,-0.00886,0.0437,0.00103,9.69E-10,-0.0148,-4.1,-4.041140849,-3.66,-3.60128494,0.054360521,0.004354539,5.74,-0.0255
2-6-CF3BI,c1(C(F)(F)F)cccc(C(F)(F)F)c1(I),I,CF3,H,H,25,2.183110452,2.1128,2.481,-8.411,C1,2.1264,0.0136,2.336,-0.145,-5.4,2.9881,0.164,-13.752,0.018507825,0.01257758,-0.000955941,-0.011621639,0.054134103,0.000955941,1.99E-06,-0.018507825,-6.29,-6.180186447,-5.78,-5.669807135,0.104179127,0.006013737,8.22,-0.03888
2-6-CH3BI,c1(C)cccc(C)c1(I),I,CH3,H,H,13.9,2.229888657,2.1232,2.306,-9.549,C1,2.1249,0.0017,2.345,0.039,-7.621,3.1596,0.117,-12.415,0.0138,0.00911,-0.00102,-0.00809,0.0405,0.00102,1.00E-06,-0.0138,-3.59,-3.541734276,-3.17,-3.122043967,0.044765273,0.00319076,5.02,-0.02168
2-6-CHOBI,c1(C(=O))cccc(C(=O))c1(I),I,CHO,H,H,27.5,2.208275548,2.1302,2.277,-9.902,C1,2.1371,0.0069,2.248,-0.029,-7.343,3.0534,0.161,-13.378,0.016670121,0.011147237,-0.00097842,-0.010168817,0.048502636,0.00097842,9.21E-07,-0.016670121,-5.78,-5.695625494,-5.3,-5.219508603,0.079209269,0.001282127,6.98,-0.03226
2-6-ClBI,c1(Cl)cccc(Cl)c1(I),I,Cl,H,H,22.9,2.187401008,2.0964,2.639,-6.306,C1,2.1083,0.0119,2.515,-0.124,-3.318,3.0199,0.163,-13.533,0.017427579,0.01183633,-0.001008779,-0.010827551,0.051380452,0.001008779,2.06E-06,-0.017427579,-5.67,-5.570655094,-5.2,-5.104876211,0.089614632,0.005509157,7.75,-0.03452
2-6-CNBI,c1(C#N)cccc(C#N)c1(I),I,CN,H,H,29.2,2.176818289,2.0915,2.714,-7.713,C1,2.1055,0.014,2.54,-0.174,-4.61,2.9599,0.175,-13.803,0.019588024,0.01328868,-0.000900397,-0.012388282,0.056756335,0.000900397,1.30E-06,-0.019588024,-7.13,-7.026165262,-6.62,-6.520085678,0.094618393,0.005295929,9.04,-0.04256
2-6-COOHBI,c1(C(=O)O)cccc(C(=O)O)c1(I),I,COOH,H,H,32.5,2.192154874,2.1249,2.313,-8.162,C1,2.1358,0.0109,2.236,-0.077,-5.128,2.996,0.167,-13.776,0.018554612,0.012416203,-0.0009174,-0.011498803,0.05333443,0.0009174,2.34E-06,-0.018554612,-6.99,-6.8632274,-6.51,-6.379763039,0.128592384,0.001644577,8.31,-0.03948
2-6-FBI,c1(F)cccc(F)c1(I),I,F,H,H,23.8,2.184584214,2.0858,2.807,-5.178,C1,2.0991,0.0133,2.647,-0.16,-1.884,3.0174,0.166,-13.718,0.017476193,0.011889359,-0.001010353,-0.010879006,0.051598866,0.001010353,2.12E-06,-0.017476193,-5.81,-5.711106153,-5.33,-5.234384934,0.090428512,0.005186554,7.67,-0.03432
2-6-NH2BI,c1(N)cccc(N)c1(I),I,NH2,H,H,16.9,2.22595388,2.1151,2.374,-7.128,Cs,2.1185,0.0034,2.397,0.023,-4.972,3.1495,0.122,-12.591,0.014,0.00928,-0.00102,-0.00826,0.0412,0.00102,7.75E-07,-0.014,-3.95,-3.893221172,-3.53,-3.474004504,0.053908086,0.00208741,5.34,-0.02215
2-6-NO2BI,c1(N(=O)=O)cccc(N(=O)=O)c1(I),I,NO2,H,H,32,2.161541667,2.0973,2.616,-6.327,C1,2.119,0.0217,2.314,-0.302,-2.404,2.9064,0.199,-14.679,0.021499069,0.014695086,-0.000781058,-0.013914028,0.061904629,0.000781058,9.51E-07,-0.021499069,-7.97,-7.791170251,-7.44,-7.264118625,0.16824722,0.007634155,10.86,-0.05071
2-6-OHBI,c1(O)cccc(O)c1(I),I,OH,H,H,27.5,2.212167692,2.113,2.418,-6.227,C1,2.1183,0.0053,2.414,-0.004,-3.587,3.0916,0.154,-13.137,0.0156,0.0104,-0.00101,-0.00937,0.0456,0.00101,5.79E-07,-0.0156,-5.39,-5.328437682,-4.95,-4.88513108,0.064326626,0.000542294,6.39,-0.02765
2-6-OOCMeBI,c1(OC(=O)C)cccc(OC(=O)C)c1(I),I,OOCMe,H,H,22.2,2.200072914,2.0936,2.673,-5.755,C1,2.1027,0.0091,2.596,-0.077,-3.204,3.0668,0.157,-13.029,0.016030986,0.010836825,-0.001040106,-0.009796719,0.047507734,0.001040106,9.63E-07,-0.016030986,-5.07,-4.971302573,-4.59,-4.492545265,0.094374919,0.003079817,6.27,-0.03057
2-6-SHBI,c1(S)cccc(S)c1(I),I,SH,H,H,24.3,2.215098483,2.1163,2.343,-7.048,C1,2.1216,0.0053,2.342,-0.001,-4.647,3.083,0.154,-13.06,0.0158,0.0105,-0.00101,-0.00954,0.0462,0.00101,4.69E-07,-0.0158,-5.22,-5.156492549,-4.75,-4.684490393,0.064288348,0.001221259,6.69,-0.0287
3-4-5-BH2BI,c1c(B)c(B)c(B)cc1(I),I,H,BH2,BH2,19.8,2.213555194,2.1086,2.508,-10.504,C1,2.113,0.0044,2.512,0.004,-7.786,3.0956,0.146,-13.465,0.0153,0.0103,-0.00103,-0.00923,0.0451,0.00103,3.27E-06,-0.0153,-4.6,-4.544149326,-4.16,-4.104042217,0.052942349,0.003015434,6.15,-0.02692
3-4-5-ClBI,c1c(Cl)c(Cl)c(Cl)cc1(I),I,H,Cl,Cl,25.8,2.199679769,2.1015,2.608,-9.692,C1,2.1092,0.0077,2.556,-0.052,-6.699,3.0503,0.162,-13.914,0.016620702,0.011170367,-0.001009162,-0.010161204,0.048718126,0.001009162,1.83E-06,-0.016620702,-5.52,-5.464260859,-5.07,-5.011766805,0.055666368,0.002566828,6.94,-0.03178
3-4-5-CNBI,c1c(C#N)c(C#N)c(C#N)cc1(I),I,H,CN,CN,38.6,2.182718667,2.0956,2.674,-11.118,C1,2.1071,0.0115,2.547,-0.127,-7.727,2.9819,0.17,-14.448,0.018900242,0.012727445,-0.000918208,-0.011809236,0.054582634,0.000918208,7.09E-07,-0.018900242,-7.31,-7.230330498,-6.83,-6.751029373,0.078030806,0.000939821,8.59,-0.04079
3-4-5-FBI,c1c(F)c(F)c(F)cc1(I),I,H,F,F,25.8,2.198736586,2.102,2.621,-8.738,C1,2.1099,0.0079,2.567,-0.054,-6.023,3.0539,0.161,-13.359,0.016498597,0.011092179,-0.001015257,-0.010076922,0.048429756,0.001015257,2.43E-06,-0.016498597,-5.46,-5.395748116,-5.02,-4.960643437,0.056771412,0.002585151,6.9,-0.03128
3-4-5-NH2BI,c1c(N)c(N)c(N)cc1(I),I,H,NH2,NH2,11.7,2.224672059,2.1092,2.501,-8.649,C1,2.1125,0.0033,2.52,0.019,-6.408,3.1454,0.121,-12.975,0.014,0.00934,-0.00103,-0.0083,0.0415,0.00103,1.44E-06,-0.014,-3.52,-3.475171205,-3.12,-3.07198222,0.043020169,0.004997611,5.18,-0.02226
3-4-5-OHBI,c1c(O)c(O)c(O)cc1(I),I,H,OH,OH,17.9,2.215047268,2.106,2.555,-8.073,C1,2.111,0.005,2.549,-0.006,-5.679,3.1097,0.139,-13.078,0.0149,0.00999,-0.00104,-0.00895,0.0441,0.00104,1.89E-06,-0.0149,-4.25,-4.200841389,-3.84,-3.788635649,0.04769637,0.003667981,5.8,-0.02543
3-4-5-SHBI,c1c(S)c(S)c(S)cc1(I),I,H,SH,SH,21.7,2.209883134,2.1063,2.533,-10.969,C1,2.1115,0.0052,2.521,-0.012,-8.149,3.0831,0.152,-13.742,0.0157,0.0105,-0.00102,-0.00948,0.0461,0.00102,2.15E-06,-0.0157,-4.84,-4.786644725,-4.4,-4.348898701,0.048293131,0.002808168,6.28,-0.02831
3-5-BH2BI,c1c(B)cc(B)cc1(I),I,H,BH2,H,19.9,2.213394629,2.109,2.503,-10.758,C1,2.1133,0.0043,2.507,0.004,-8.096,3.0947,0.147,-13.283,0.0154,0.0103,-0.00103,-0.00924,0.0452,0.00103,1.22E-06,-0.0154,-4.62,-4.568459044,-4.19,-4.134319137,0.052668127,0.003012736,6.18,-0.02701
3-5-CF3BI,c1c(C(F)(F)F)cc(C(F)(F)F)cc1(I),I,H,CF3,H,27.7,2.197156244,2.1016,2.609,-10.1,C1,2.1095,0.0079,2.554,-0.055,-7.265,3.0423,0.164,-13.564,0.016878944,0.011345975,-0.001000666,-0.010345309,0.049386576,0.001000666,1.93E-07,-0.016878944,-5.79,-5.721332675,-5.33,-5.2623824,0.065449241,0.002168359,7.13,-0.03266
3-5-CH3BI,c1c(C)cc(C)cc1(I),I,H,CH3,H,13.9,2.223699538,2.1114,2.463,-10.611,C1,2.1142,0.0028,2.487,0.024,-8.31,3.1345,0.127,-12.815,0.0143,0.00953,-0.00103,-0.0085,0.0422,0.00103,1.48E-06,-0.0143,-3.8,-3.753026137,-3.38,-3.334739246,0.040983901,0.004276854,5.39,-0.02335
3-5-CHOBI,c1c(C(=O))cc(C(=O))cc1(I),I,H,CHO,H,23.5,2.203205622,2.1049,2.561,-11.133,C1,2.1113,0.0064,2.531,-0.03,-8.313,3.0596,0.16,-13.534,0.016362788,0.010980436,-0.001011367,-0.009969069,0.047967224,0.001011367,4.40E-07,-0.016362788,-5.34,-5.272554196,-4.88,-4.815390743,0.061799018,0.002810239,6.82,-0.03067
3-5-ClBI,c1c(Cl)cc(Cl)cc1(I),I,H,Cl,H,24,2.202962988,2.1039,2.575,-10,C1,2.1107,0.0068,2.538,-0.037,-7.119,3.0617,0.159,-13.601,0.016290376,0.010932977,-0.001015632,-0.009917345,0.047794447,0.001015632,1.78E-06,-0.016290376,-5.27,-5.214945059,-4.83,-4.774442505,0.052717073,0.002840422,6.72,-0.03054
3-5-CNBI,c1c(C#N)cc(C#N)cc1(I),I,H,CN,H,32.2,2.190716769,2.1002,2.632,-10.313,C1,2.1096,0.0094,2.55,-0.082,-7.177,3.0172,0.167,-13.92,0.017682445,0.01189732,-0.000973086,-0.010924234,0.051481637,0.000973086,1.35E-06,-0.017682445,-6.41,-6.339876947,-5.93,-5.863002066,0.065420375,0.001577559,7.73,-0.03595
3-5-COOHBI,c1c(C(=O)O)cc(C(=O)O)cc1(I),I,H,COOH,H,21.9,2.204560837,2.1043,2.573,-10.782,C1,2.1107,0.0064,2.544,-0.029,-8.042,3.0665,0.158,-13.531,0.016144197,0.010837531,-0.001017888,-0.009819644,0.047421686,0.001017888,1.99E-06,-0.016144197,-5.14,-5.080434005,-4.69,-4.626040718,0.060763,0.003196282,6.63,-0.0298
3-5-FBI,c1c(F)cc(F)cc1(I),I,H,F,H,23.4,2.203263876,2.1031,2.59,-9.685,C1,2.1098,0.0067,2.553,-0.037,-7.114,3.0679,0.158,-13.198,0.016095612,0.01080343,-0.001022621,-0.009780808,0.047304214,0.001022621,1.05E-06,-0.016095612,-5.15,-5.093575309,-4.71,-4.654367832,0.052725231,0.002906938,6.6,-0.02973
3-5-NH2BI,c1c(N)cc(N)cc1(I),I,H,NH2,H,12.3,2.224454008,2.111,2.471,-10.734,C1,2.1138,0.0028,2.495,0.024,-8.531,3.1405,0.124,-12.779,0.0141,0.00942,-0.00103,-0.00839,0.0418,0.00103,2.66E-06,-0.0141,-3.64,-3.58330427,-3.23,-3.176733229,0.048452519,0.004814253,5.27,-0.02279
3-5-NO2BI,c1c(N(=O)=O)cc(N(=O)=O)cc1(I),I,H,NO2,H,33.2,2.187491196,2.099,2.652,-10.403,C1,2.1093,0.0103,2.554,-0.098,-7.182,3.005,0.168,-13.958,0.018071271,0.012174482,-0.000961153,-0.011213329,0.05254256,0.000961153,6.90E-07,-0.018071271,-6.64,-6.56645996,-6.17,-6.09437494,0.073940699,0.001684361,8.03,-0.0374
3-5-OHBI,c1c(O)cc(O)cc1(I),I,H,OH,H,18.7,2.214697277,2.1076,2.523,-9.846,C1,2.112,0.0044,2.523,0,-7.472,3.1063,0.141,-12.938,0.015,0.0101,-0.00103,-0.00902,0.0443,0.00103,3.37E-06,-0.015,-4.36,-4.309984116,-3.94,-3.888117703,0.048512132,0.003370165,5.87,-0.02588
3-5-OOCMeBI,c1c(OC(=O)C)cc(OC(=O)C)cc1(I),I,H,OOCMe,H,17,2.210747936,2.1059,2.549,-10.284,C1,2.1111,0.0052,2.538,-0.011,-7.726,3.0888,0.149,-13.331,0.015485865,0.010384418,-0.001033888,-0.00935053,0.045673231,0.001033888,1.80E-06,-0.015485865,-4.55,-4.478317932,-4.11,-4.042763361,0.062703259,0.00453338,6.13,-0.02734
3-5-SHBI,c1c(S)cc(S)cc1(I),I,H,SH,H,20.3,2.211749561,2.1076,2.52,-10.56,C1,2.1124,0.0048,2.515,-0.005,-7.837,3.0916,0.148,-13.436,0.0154,0.0103,-0.00103,-0.00931,0.0454,0.00103,1.13E-06,-0.0154,-4.65,-4.600588158,-4.21,-4.16069821,0.046203525,0.003098265,6.13,-0.02743
4-BH2BI,c1cc(B)ccc1(I),I,H,H,BH2,19.7,2.214391883,2.1058,2.509,-11.835,C1,2.1096,0.0038,2.513,0.004,-9.602,3.1019,0.144,-13.092,0.0152,0.0101,-0.00103,-0.00911,0.0447,0.00103,9.13E-07,-0.0152,-4.54,-4.488058135,-4.11,-4.060242513,0.046844212,0.002913276,5.96,-0.02633
4-CF3BI,c1cc(C(F)(F)F)ccc1(I),I,H,H,CF3,22.5,2.209289407,2.105,2.55,-10.391,C1,2.1103,0.0053,2.534,-0.016,-7.911,3.0842,0.152,-13.179,0.015658004,0.0104818,-0.001024321,-0.009457479,0.046024489,0.001024321,3.53E-06,-0.015658004,-4.9,-4.847670651,-4.46,-4.404977332,0.052502465,0.002520204,6.31,-0.02811
4-CH3BI,c1cc(C)ccc1(I),I,H,H,CH3,14.8,2.220382681,2.1086,2.504,-9.634,C1,2.1122,0.0036,2.516,0.012,-7.34,3.1275,0.131,-12.871,0.0145,0.00966,-0.00103,-0.00862,0.0428,0.00103,4.46E-07,-0.0145,-3.93,-3.88433752,-3.51,-3.464736987,0.04111756,0.004145453,5.53,-0.02386
4-CHOBI,c1cc(C(=O))ccc1(I),I,H,H,CHO,21.9,2.210801399,2.1047,2.546,-11.05,C1,2.1096,0.0049,2.529,-0.017,-8.712,3.0888,0.15,-13.235,0.015540161,0.010394105,-0.00102486,-0.009369245,0.045675866,0.00102486,7.31E-07,-0.015540161,-4.82,-4.761871905,-4.39,-4.333912385,0.053593704,0.002493911,6.21,-0.02765
4-ClBI,c1cc(Cl)ccc1(I),I,H,H,Cl,20,2.21131168,2.1055,2.553,-9.492,C1,2.1107,0.0052,2.542,-0.011,-7.018,3.096,0.147,-13.219,0.01530896,0.010248822,-0.001032491,-0.009216331,0.045125256,0.001032491,8.08E-07,-0.01530896,-4.59,-4.543260146,-4.16,-4.109910686,0.046993559,0.003095755,6.09,-0.02682
4-CNBI,c1cc(C#N)ccc1(I),I,H,H,CN,25,2.206139446,2.1031,2.567,-10.666,C1,2.109,0.0059,2.54,-0.027,-8.126,3.0722,0.157,-13.438,0.016006927,0.01072293,-0.001018774,-0.009704156,0.046966827,0.001018774,1.20E-06,-0.016006927,-5.2,-5.148557064,-4.76,-4.707573652,0.050325007,0.002101341,6.54,-0.02942
4-COOHBI,c1cc(C(=O)O)ccc1(I),I,H,H,COOH,20.6,2.212714806,2.1051,2.535,-11.039,C1,2.1098,0.0047,2.527,-0.008,-8.685,3.0937,0.148,-13.198,0.015398895,0.010296103,-0.00102666,-0.009269442,0.045291059,0.00102666,2.35E-06,-0.015398895,-4.69,-4.640908154,-4.26,-4.20615159,0.051046015,0.002802395,6.12,-0.02713
4-FBI,c1cc(F)ccc1(I),I,H,H,F,19.1,2.211667456,2.1065,2.553,-8.803,C1,2.1116,0.0051,2.543,-0.01,-6.405,3.102,0.144,-12.936,0.015137846,0.01013216,-0.001034998,-0.009097161,0.044668638,0.001034998,3.56E-06,-0.015137846,-4.45,-4.399387277,-4.03,-3.9801081,0.0465725,0.0033194,5.99,-0.0262
4-NH2BI,c1cc(N)ccc1(I),I,H,H,NH2,12.9,2.221215017,2.1073,2.529,-7.76,C1,2.1111,0.0038,2.539,0.01,-5.55,3.1363,0.126,-12.905,0.0142,0.0095,-0.00104,-0.00846,0.0421,0.00104,2.52E-06,-0.0142,-3.72,-3.666120464,-3.3,-3.25046051,0.044826769,0.004712722,5.38,-0.02294
4-NO2BI,c1cc(N(=O)=O)ccc1(I),I,H,H,NO2,26.1,2.203789632,2.1021,2.58,-11.083,C1,2.1083,0.0062,2.546,-0.034,-8.601,3.0654,0.159,-13.412,0.016205096,0.010861496,-0.00101589,-0.009845606,0.047509554,0.00101589,4.50E-07,-0.016205096,-5.36,-5.30452455,-4.92,-4.863088653,0.054927789,0.001983558,6.69,-0.03016
4-OHBI,c1cc(O)ccc1(I),I,H,H,OH,15.6,2.217514545,2.107,2.541,-8.205,C1,2.1114,0.0044,2.543,0.002,-5.892,3.1211,0.134,-12.894,0.0146,0.00977,-0.00104,-0.00874,0.0432,0.00104,3.85E-06,-0.0146,-4.03,-3.978797152,-3.61,-3.561993892,0.043973356,0.004032753,5.64,-0.02432
4-OOCMeBI,c1cc(OC(=O)C)ccc1(I),I,H,H,OOCMe,16.9,2.215382079,2.1069,2.536,-9.48,C1,2.1114,0.0045,2.535,-0.001,-7.082,3.1106,0.139,-13.156,0.014909008,0.009968462,-0.001035661,-0.008932801,0.044016499,0.001035661,1.26E-06,-0.014909008,-4.25,-4.194056756,-3.83,-3.776875234,0.049487909,0.003636857,5.81,-0.02536
4-SHBI,c1cc(S)ccc1(I),I,H,H,SH,17.6,2.214990634,2.1058,2.543,-8.977,C1,2.1104,0.0046,2.541,-0.002,-6.566,3.1097,0.14,-13.243,0.0149,0.00999,-0.00104,-0.00895,0.0441,0.00104,7.57E-07,-0.0149,-4.28,-4.234864326,-3.86,-3.81303311,0.043347101,0.003619789,5.84,-0.02544
BI,c1ccccc1(I),I,H,H,H,16.1,2.218213493,2.109,2.498,-9.966,C1,2.1127,0.0037,2.509,0.011,-7.698,3.1208,0.134,-12.717,0.014655747,0.009779777,-0.001034749,-0.008745028,0.04325811,0.001034749,1.93E-06,-0.014655747,-4.08,-4.032022508,-3.66,-3.614421098,0.041769542,0.003809359,5.66,-0.0245
opp_H_2-4-6_OH_3-5_CNBI,c1(O)c(C#N)c(O)c(C#N)c(O)c1(I),I,OH,CN,OH,27.2,2.182587148,2.0883,2.8,-4.629,C1,2.1034,0.0151,2.613,-0.187,-0.996,2.9988,0.166,-14.354,0.0181,0.0123,-0.000987,-0.0113,0.0532,0.000987,2.83E-06,-0.0181,-6.22,-6.104427225,-5.72,-5.609194812,0.106234848,0.00457034,8.12,-0.03692
opp_H_2-4-6_OH_3-5_FBI,c1(O)c(F)c(O)c(F)c(O)c1(I),I,OH,F,OH,19.3,2.192103368,2.0883,2.785,-4.313,C1,2.1005,0.0122,2.647,-0.138,-1.256,3.0446,0.162,-13.702,0.0166,0.0113,-0.00104,-0.0103,0.0493,0.00104,3.30E-06,-0.0166,-5.08,-4.992156596,-4.62,-4.530563958,0.083047745,0.006388298,6.98,-0.03107
opp_H_2-4-6_SH_3-5_CNBI,c1(S)c(C#N)c(S)c(C#N)c(S)c1(I),I,SH,CN,SH,31.3,2.18848507,2.1058,2.541,-6.304,C1,2.1171,0.0113,2.431,-0.11,-3.012,2.9962,0.166,-14.349,0.0184,0.0124,-0.000952,-0.0114,0.0534,0.000952,1.11E-06,-0.0184,-6.62,-6.53015477,-6.13,-6.042580773,0.084776533,0.002642694,8.4,-0.03848
opp_H_2-4-6_SH_3-5_FBI,c1(S)c(F)c(S)c(F)c(S)c1(I),I,SH,F,SH,24.3,2.196227437,2.103,2.567,-5.924,C1,2.1122,0.0092,2.489,-0.078,-3.086,3.0315,0.164,-13.832,0.0172,0.0116,-0.001,-0.0106,0.0504,0.001,2.41E-06,-0.0172,-5.69,-5.62055465,-5.23,-5.158506148,0.067432171,0.004061681,7.44,-0.03359
opp_H_2-4-6-OHBI,c1(O)cc(O)cc(O)c1(I),I,OH,H,OH,12.8,2.203181664,2.0921,2.741,-4.397,C1,2.1017,0.0096,2.652,-0.089,-1.711,3.0881,0.147,-13.345,0.0153,0.0104,-0.00106,-0.00934,0.0458,0.00106,1.03E-06,-0.0153,-4.13,-4.055506424,-3.69,-3.613595824,0.068618164,0.007786012,6.15,-0.02634
opp_H_2-4-6-SHBI,c1(S)cc(S)cc(S)c1(I),I,SH,H,SH,19.9,2.204512924,2.1068,2.51,-6.016,C1,2.1136,0.0068,2.475,-0.035,-3.412,3.0631,0.158,-13.603,0.0163,0.0109,-0.00103,-0.0099,0.0478,0.00103,4.19E-07,-0.0163,-5.02,-4.959278864,-4.56,-4.495147207,0.060353864,0.004498929,6.78,-0.02985
opp_H_2-6_3-5_4-OHBI,c1(O)c(O)c(O)c(O)c(O)c1(I),I,OH,OH,OH,13.5,2.20160347,2.0909,2.747,-4.889,C1,2.1009,0.01,2.649,-0.098,-2.088,3.0774,0.152,-13.524,0.0156,0.0106,-0.00105,-0.00955,0.0466,0.00105,6.94E-07,-0.0156,-4.32,-4.244617707,-3.87,-3.79125057,0.070830135,0.007919295,6.27,-0.02743
opp_H_2-6_3-5_4-SHBI,c1(S)c(S)c(S)c(S)c(S)c1(I),I,SH,SH,SH,20.4,2.203396993,2.1144,2.423,-6.411,C1,2.1222,0.0078,2.377,-0.046,-3.483,3.0475,0.16,-14.033,0.0167,0.0112,-0.00101,-0.0102,0.049,0.00101,1.86E-06,-0.0167,-5.22,-5.149420517,-4.76,-4.689876253,0.065166862,0.004956886,,-0.03165
opp_H_2-6_3-5-OHBI,c1(O)c(O)cc(O)c(O)c1(I),I,OH,OH,H,12.9,2.202152027,2.0906,2.734,-6.707,C1,2.1003,0.0097,2.636,-0.098,-4.031,3.0775,0.152,-13.384,0.0156,0.0106,-0.00105,-0.00955,0.0466,0.00105,7.08E-07,-0.0156,-4.33,-4.253026961,-3.87,-3.79245338,0.069436436,0.008110184,6.24,-0.02741
opp_H_2-6_3-5-SHBI,c1(S)c(S)cc(S)c(S)c1(I),I,SH,SH,H,21.2,2.203725692,2.1138,2.425,-7.277,C1,2.1211,0.0073,2.386,-0.039,-4.412,3.0492,0.16,-13.718,0.0167,0.0112,-0.00101,-0.0102,0.0489,0.00101,3.52E-07,-0.0167,-5.25,-5.174633849,-4.79,-4.718836156,0.066534832,0.004629012,7.1,-0.03177
opp_H_2-6_OH_3-5_CN_4_NO2BI,c1(O)c(C#N)c(N(=O)=O)c(C#N)c(O)c1(I),I,OH,CN,NO2,34.9,2.17305082,2.084,2.808,-7.654,C1,2.1015,0.0175,2.564,-0.244,-3.957,2.9569,0.175,-14.665,0.0196,0.0133,-0.000909,-0.0124,0.057,0.000909,3.07E-06,-0.0196,-7.33,-7.20191624,-6.81,-6.681848943,0.124968517,0.00318254,9.23,-0.04291
opp_H_2-6_OH_3-5_F_4_NO2BI,c1(O)c(F)c(N(=O)=O)c(F)c(O)c1(I),I,OH,F,NO2,28.5,2.180976707,2.085,2.794,-6.999,C1,2.0996,0.0146,2.602,-0.192,-3.731,2.9968,0.166,-14.066,0.0182,0.0124,-0.000983,-0.0114,0.0534,0.000983,2.50E-06,-0.0182,-6.33,-6.216544348,-5.84,-5.729775823,0.106011455,0.004212722,8.1,-0.03719
opp_H_2-6_OH_3-5_NO2_4_CNBI,c1(O)c(N(=O)=O)c(C#N)c(N(=O)=O)c(O)c1(I),I,OH,NO2,CN,34,2.173375971,2.0853,2.792,-7.184,C1,2.103,0.0177,2.544,-0.248,-3.372,2.9583,0.173,-14.792,0.0195,0.0133,-0.000915,-0.0124,0.0569,0.000915,2.19E-06,-0.0195,-7.22,-7.090464278,-6.71,-6.577593174,0.128896726,0.0035101,9.25,-0.04262
opp_H_2-6_OH_3-5_NO2_4_FBI,c1(O)c(N(=O)=O)c(F)c(N(=O)=O)c(O)c1(I),I,OH,NO2,F,29.7,2.17713075,2.0889,2.784,-5.208,C1,2.1057,0.0168,2.564,-0.22,-1.384,2.9776,0.167,-14.45,0.0188,0.0128,-0.000956,-0.0119,0.0551,0.000956,1.99E-06,-0.0188,-6.65,-6.525573951,-6.15,-6.021146321,0.124391208,0.004462471,8.76,-0.03979
opp_H_2-6_OH_4_NH2_3-5_CNBI,c1(O)c(C#N)c(N)c(C#N)c(O)c1(I),I,OH,CN,NH2,23.8,2.186725068,2.0887,2.799,-3.775,C1,2.1026,0.0139,2.635,-0.164,-0.279,3.0171,0.165,-14.371,0.0175,0.0119,-0.00101,-0.0109,0.0516,0.00101,5.34E-07,-0.0175,-5.74,-5.639734478,-5.25,-5.148383496,0.096391107,0.005225397,7.66,-0.03445
opp_H_2-6_OH_4_NH2_3-5_FBI,c1(O)c(F)c(N)c(F)c(O)c1(I),I,OH,F,NH2,16.6,2.195505735,2.0883,2.785,-3.73,C1,2.0997,0.0114,2.66,-0.125,-0.796,3.058,0.158,-13.751,0.0162,0.011,-0.00105,-0.00996,0.0482,0.00105,2.55E-06,-0.0162,-4.75,-4.661715741,-4.29,-4.202625138,0.08026474,0.007110122,6.69,-0.02948
opp_H_2-6_opp_H_3-5_4-OHBI,c1(O)c(O)c(O)c(O)c(O)c1(I),I,OH,OH,OH,13.5,2.201580791,2.0909,2.747,-4.889,C1,2.1009,0.01,2.649,-0.098,-2.088,3.0774,0.152,-13.524,0.0156,0.0106,-0.00105,-0.00955,0.0466,0.00105,6.38E-07,-0.0156,-4.32,-4.244617707,-3.87,-3.791248436,0.070832645,0.007918919,6.27,-0.02743
opp_H_2-6_opp_H_3-5_4-SHBI,c1(S)c(S)c(S)c(S)c(S)c1(I),I,SH,SH,SH,20.6,2.203524805,2.1142,2.425,-6.338,C1,2.122,0.0078,2.379,-0.046,-3.387,3.0476,0.16,-14.032,0.0167,0.0112,-0.00101,-0.0102,0.049,0.00101,1.66E-06,-0.0167,-5.23,-5.157214185,-4.76,-4.691425574,0.06372359,0.004850837,,-0.03165
opp_H_2-6_opp_H_3-5-OHBI,c1(O)c(O)cc(O)c(O)c1(I),I,OH,OH,H,13,2.202098106,2.0906,2.733,-6.707,C1,2.1003,0.0097,2.636,-0.097,-4.031,3.0775,0.152,-13.384,0.0156,0.0106,-0.00105,-0.00955,0.0466,0.00105,2.35E-06,-0.0156,-4.33,-4.253026961,-3.87,-3.792446352,0.069441456,0.008112192,6.24,-0.02741
opp_H_2-6_opp_H_3-5-SHBI,c1(S)c(S)cc(S)c(S)c1(I),I,SH,SH,H,19.9,2.203347948,2.1125,2.44,-7.733,C1,2.1201,0.0076,2.393,-0.047,-4.874,3.0503,0.159,-13.783,0.0166,0.0112,-0.00101,-0.0102,0.0488,0.00101,1.03E-06,-0.0166,-5.18,-5.103781751,-4.72,-4.648603852,0.066327754,0.005068394,7.04,-0.03159
opp_H_2-6_SH_3-5_CN_4_NO2BI,c1(S)c(C#N)c(N(=O)=O)c(C#N)c(S)c1(I),I,SH,CN,NO2,37.9,2.181411161,2.1037,2.552,-7.754,C1,2.1173,0.0136,2.4,-0.152,-4.257,2.9613,0.174,-14.445,0.0197,0.0133,-0.000884,-0.0124,0.0565,0.000884,4.49E-07,-0.0197,-7.55,-7.444806343,-7.05,-6.94429477,0.103928123,0.001777107,9.39,-0.04373
opp_H_2-6_SH_3-5_F_4_NO2BI,c1(S)c(F)c(N(=O)=O)c(F)c(S)c1(I),I,SH,F,NO2,31.7,2.187767559,2.1012,2.577,-7.524,C1,2.1124,0.0112,2.46,-0.117,-4.485,2.9943,0.167,-13.874,0.0185,0.0124,-0.000949,-0.0115,0.0536,0.000949,1.46E-06,-0.0185,-6.67,-6.585701911,-6.19,-6.101731565,0.085491894,0.002776541,8.37,-0.03867
opp_H_2-6_SH_3-5_NO2_4_CNBI,c1(S)c(N(=O)=O)c(C#N)c(N(=O)=O)c(S)c1(I),I,SH,NO2,CN,38.1,2.180151746,2.1041,2.529,-7.825,C1,2.1184,0.0143,2.364,-0.165,-4.248,2.9547,0.176,-14.562,0.0199,0.0134,-0.000869,-0.0125,0.0571,0.000869,1.95E-06,-0.0199,-7.64,-7.535669718,-7.14,-7.031990429,0.105936154,0.002073417,9.52,-0.04478
opp_H_2-6_SH_3-5_NO2_4_FBI,c1(S)c(N(=O)=O)c(F)c(N(=O)=O)c(S)c1(I),I,SH,NO2,F,33.8,2.184289601,2.1077,2.521,-6.405,C1,2.121,0.0133,2.38,-0.141,-2.942,2.9753,0.168,-14.179,0.0191,0.0129,-0.000916,-0.012,0.0553,0.000916,6.31E-07,-0.0191,-7.05,-6.945522134,-6.56,-6.458537361,0.098801371,0.002661268,8.98,-0.04155
opp_H_2-6_SH_4_NH2_3-5_CNBI,c1(S)c(C#N)c(N)c(C#N)c(S)c1(I),I,SH,CN,NH2,20.5,2.200847947,2.1038,2.567,-4.81,C1,2.1123,0.0085,2.504,-0.063,-2.135,3.0503,0.161,-13.607,0.0166,0.0112,-0.00102,-0.0102,0.0488,0.00102,4.80E-07,-0.0166,-5.21,-5.136964454,-4.76,-4.688955006,0.066152051,0.004892943,7,-0.03122
opp_H_2-6_SH_4_NH2_3-5_FBI,c1(S)c(F)c(N)c(F)c(S)c1(I),I,SH,F,NH2,27.5,2.193270232,2.1065,2.548,-5.027,C1,2.1169,0.0104,2.457,-0.091,-1.892,3.0166,0.165,-14.148,0.0177,0.0119,-0.000983,-0.0109,0.0516,0.000983,2.08E-06,-0.0177,-6.1,-6.012559834,-5.62,-5.537448553,0.079367401,0.003184046,7.88,-0.03562
opp_H_2-6-OHBI,c1(O)cccc(O)c1(I),I,OH,H,H,13.5,2.203297241,2.0933,2.707,-6.073,C1,2.1025,0.0092,2.624,-0.083,-3.464,3.0874,0.148,-13.187,0.0154,0.0104,-0.00105,-0.00936,0.0459,0.00105,2.66E-06,-0.0154,-4.19,-4.119322257,-3.75,-3.67677441,0.065825119,0.007400471,6.16,-0.02651
opp_H_2-6-SHBI,c1(S)cccc(S)c1(I),I,SH,H,H,18.7,2.207139985,2.1092,2.475,-7.08,C1,2.1152,0.006,2.453,-0.022,-4.616,3.071,0.156,-13.149,0.016,0.0108,-0.00103,-0.00973,0.0471,0.00103,3.13E-06,-0.016,-4.86,-4.794538795,-4.41,-4.345274591,0.059958533,0.004766876,6.63,-0.02905
opp_H_3-4-5-OHBI,c1c(O)c(O)c(O)cc1(I),I,H,OH,OH,16.5,2.215142415,2.1067,2.551,-8.56,Cs,2.1116,0.0049,2.545,-0.006,-6.194,3.1109,0.139,-13.054,0.0149,0.00996,-0.00104,-0.00892,0.044,0.00104,1.60E-06,-0.0149,-4.18,-4.127464193,-3.77,-3.715754251,0.050437959,0.00380779,5.76,-0.02525
opp_H_3-4-5-SHBI,c1c(S)c(S)c(S)cc1(I),I,H,SH,SH,20.5,2.208665132,2.1042,2.561,-10.145,C1,2.1098,0.0056,2.543,-0.018,-7.355,3.082,0.152,-13.831,0.0157,0.0105,-0.00103,-0.0095,0.0462,0.00103,1.94E-06,-0.0157,-4.8,-4.745348325,-4.36,-4.308571267,0.048186455,0.003242279,6.29,-0.02823
opp_H_3-5-OHBI,c1c(O)cc(O)cc1(I),I,H,OH,H,15.7,2.215298592,2.1071,2.529,-10.499,C1,2.1115,0.0044,2.528,-0.001,-8.182,3.109,0.14,-12.945,0.0149,0.01,-0.00104,-0.00896,0.0441,0.00104,1.50E-06,-0.0149,-4.2,-4.151258726,-3.78,-3.728306269,0.047295391,0.00439834,5.8,-0.02547
opp_H_3-5-SHBI,c1c(S)cc(S)cc1(I),I,H,SH,H,19.2,2.211167814,2.1067,2.531,-10.898,C1,2.1117,0.005,2.523,-0.008,-8.205,3.0897,0.149,-13.486,0.0155,0.0104,-0.00103,-0.00934,0.0456,0.00103,1.84E-06,-0.0155,-4.65,-4.593829881,-4.21,-4.15876203,0.047715822,0.003522148,6.15,-0.0275